-0.012951523065567,0.20239645242691,0.096786193549633,-0.11057151854038,-0.0012319316156209,0.094877637922764,-0.058487683534622,0.03051189891994,-0.12349910289049,0.11384395509958,0.065722808241844,-0.12364206463099,-0.024205232039094,0.0073127029463649,0.14710560441017,0.0036857307422906,0.10280688107014,0.17318049073219,0.073009915649891,-0.095594115555286,0.034555666148663,0.14131097495556,0.054903674870729,0.0087081044912338,-0.0091756246984005,-0.029301196336746,0.087347902357578,0.01970130763948,0.20160700380802,-0.01449251268059,0.0057901213876903,-0.11726479232311,0.051813166588545,-0.0064106141217053,0.17406997084618,0.035508427768946,0.071598030626774,0.0043128272518516,0.014084140770137,0.0080858403816819,-0.12025924772024,0.020687025040388,-0.0093417130410671,0.1031828969717,-0.088009893894196,0.12017820775509,0.10582508891821,0.032502375543118,-0.23840475082397,-0.03787437826395,0.029676588252187,0.09561175853014,-0.11316143721342,-0.035684306174517,-0.11313061416149,0.067825458943844,0.027641709893942,0.013345677405596,-0.037019565701485,-0.011900066398084,-0.048745650798082,-0.03472088649869,0.080036342144012,-0.096245214343071,0.160959020257,-0.07937228679657,-0.025162765756249,-0.064508222043514,-0.097124204039574,0.23956124484539,0.0043474710546434,-0.038358598947525,-0.047328785061836,-0.097315013408661,-0.037091501057148,-0.11300789564848,-0.050389502197504,0.1527221351862,0.040481258183718,-0.18424053490162,-0.026260253041983,0.079769171774387,-0.075353689491749,-0.017335439100862,0.021505393087864,-0.085037238895893,-0.098480343818665,-0.064354419708252,0.0046388828195632,0.17624768614769,0.077350847423077,-0.012427287176251,-0.1158634647727,-0.0061678616330028,0.15586319565773,-0.020837835967541,0.0024060062132776,0.15897271037102,-0.059235353022814,0.030983746051788,-0.03465498238802,0.10657420754433,-0.041489571332932,-0.047661557793617,-0.0037878763396293,0.053631145507097,0.076858304440975,-0.11281144618988,0.15140189230442,-0.092229641973972,0.013719629496336,0.0024630127009004,0.041994329541922,0.03345463052392,0.095178231596947,-0.055890042334795,0.019688721746206,-0.16142036020756,0.044291265308857,0.028872031718493,0.051492683589458,-0.10560926049948,-0.0001949590514414,0.046694543212652,0.097774341702461,-0.011776651255786,0.12028197199106,-0.056439872831106
0.010250001214445,0.18515485525131,0.16554053127766,-0.06498709321022,-0.03236636146903,0.064190484583378,-0.042892787605524,-0.010811189189553,-0.10554542392492,0.059644088149071,0.09378369897604,-0.11991891264915,-0.049107547849417,0.036132965236902,0.16109429299831,-0.045207265764475,0.064414881169796,0.1684495806694,0.062425535172224,-0.086758397519588,0.026167303323746,0.17705841362476,0.030499016866088,0.0024524838663638,-0.0090982187539339,-0.030551938340068,0.058038860559464,0.050714157521725,0.17228718101978,0.00040672969771549,-0.030349252745509,-0.11749932914972,0.057186912745237,-0.00011154791718582,0.1972501128912,0.038212358951569,0.077355250716209,0.0086488174274564,-0.00048782100202516,-0.0039067859761417,-0.10885836929083,0.03483635187149,-0.02110680937767,0.087805390357971,-0.10136887431145,0.1333421766758,0.083574071526527,0.011823807843029,-0.21715141832829,-0.024680124595761,0.028210369870067,0.1367162168026,-0.096794083714485,0.00068290822673589,-0.072820417582989,0.046211529523134,0.0075114704668522,-0.026649288833141,-0.049794804304838,0.0036266555543989,-0.036555755883455,-0.039793372154236,0.0528848990798,-0.050148148089647,0.13508918881416,-0.056737050414085,0.014341400004923,-0.093373470008373,-0.087499469518661,0.25322157144547,0.030321132391691,-0.075820937752724,0.0014939912362024,-0.073590211570263,-0.035869013518095,-0.12632554769516,-0.075708940625191,0.086031541228294,0.041718397289515,-0.16596671938896,0.017645603045821,0.090128429234028,-0.080004796385765,-0.044554140418768,0.056487862020731,-0.089421510696411,-0.10626135021448,-0.082718372344971,-0.030011806637049,0.21721448004246,0.10641538351774,-0.0241978764534,-0.098597519099712,-0.015588361769915,0.09240048378706,-0.053117793053389,-0.0048625129275024,0.11949537694454,-0.0015663966769353,0.020537178963423,-0.025671103969216,0.15015175938606,0.001963275950402,-0.088444516062737,0.0005879161763005,0.052836306393147,0.11790235340595,-0.093330852687359,0.16307240724564,-0.069365262985229,0.039682511240244,-0.016502855345607,0.010905362665653,0.020959051325917,0.07885130494833,-0.061903100460768,0.046248085796833,-0.16440926492214,0.042863473296165,-0.0090654948726296,0.058984506875277,-0.092729583382607,-0.0038655358366668,0.052808303385973,0.14824877679348,-0.016163082793355,0.2033929079771,-0.036787014454603
-0.0026768338866532,0.20594856142998,0.20104458928108,-0.079724013805389,-0.021020479500294,0.10229106247425,-0.074183009564877,0.047349505126476,-0.093598373234272,0.063520930707455,0.080291733145714,-0.13005846738815,-0.032205559313297,-0.023110140115023,0.15126053988934,-0.0057065673172474,0.080018095672131,0.16883936524391,0.012752288021147,-0.10003364831209,0.10754550993443,0.15713804960251,0.033382412046194,0.089543335139751,0.021229304373264,-0.059184338897467,0.052261654287577,0.015284888446331,0.20502445101738,-0.013390449807048,0.019745152443647,-0.14382949471474,0.052504729479551,0.046851012855768,0.17195990681648,0.022137124091387,0.084669657051563,0.022834183648229,-0.0016914450097829,-0.0085575794801116,-0.096204720437527,0.012563935481012,-0.0013349044602364,0.068531289696693,-0.048994071781635,0.070505023002625,0.10673221200705,0.0089960619807243,-0.24324136972427,-0.023830071091652,0.051932100206614,0.10043091326952,-0.090865425765514,-0.0079647917300463,-0.058933805674314,0.059635367244482,0.036672703921795,-0.021935513243079,-0.033251468092203,-0.084767229855061,-0.043425925076008,-0.04195074737072,0.028961658477783,-0.073685027658939,0.11711925268173,-0.055356375873089,0.0037402315065265,-0.072772309184074,-0.098017662763596,0.24898716807365,-0.0040326602756977,-0.057945869863033,-0.056399185210466,-0.10100004076958,0.0022808846551925,-0.11597228050232,-0.071996845304966,0.16201885044575,0.059623133391142,-0.12844179570675,-0.017775086686015,0.11902434378862,-0.027865996584296,-0.031480301171541,0.061439242213964,-0.066226042807102,-0.076711505651474,-0.03859668970108,-0.014348475262523,0.20645113289356,0.093805402517319,-0.041021231561899,-0.11166938394308,0.007583168335259,0.083656400442123,-0.025222787633538,-0.022364158183336,0.14521753787994,-0.055930245667696,0.015883926302195,-0.00160034338478,0.11054247617722,-0.042250297963619,-0.030463751405478,0.009532256051898,0.039200689643621,0.077311761677265,-0.11507402360439,0.15689040720463,-0.12104723602533,0.004843826405704,0.025445859879255,-0.011005699634552,0.02569561637938,0.12668488919735,-0.032280448824167,-0.012945613823831,-0.17543484270573,0.012985698878765,0.026802590116858,0.064718522131443,-0.056769136339426,-0.0045710462145507,0.043552979826927,0.10735391080379,0.005952054169029,0.18247710168362,-0.044411830604076
0.011095655150712,0.21853621304035,0.17610722780228,-0.07830223441124,-0.052486691623926,0.11705263704062,-0.057141825556755,0.11095744371414,-0.11282137036324,0.0943199172616,0.071536466479301,-0.16461028158665,-0.001280510914512,-0.050452377647161,0.16014574468136,-0.014367413707078,0.085849158465862,0.15679843723774,-0.015259193256497,-0.1029716655612,0.064799644052982,0.068878017365932,0.079830564558506,0.037951920181513,0.050033055245876,-0.086021967232227,0.020699184387922,0.040096584707499,0.19128981232643,-0.085497565567493,0.063047587871552,-0.094860009849072,0.03885966911912,0.067865625023842,0.1222320497036,-0.048486590385437,0.080108568072319,0.088394038379192,0.069702938199043,-0.024531481787562,-0.075123712420464,-0.030703160911798,-0.010713631287217,0.0052177235484123,-0.054477732628584,-0.039269886910915,0.051241371780634,0.022111279889941,-0.2400599271059,0.0004425679508131,0.036444637924433,0.12399545311928,-0.057544764131308,0.0048955027014017,-0.13842351734638,0.020239794626832,0.089886531233788,-0.051867317408323,-0.027463583275676,-0.15046653151512,-0.087524272501469,-0.017211271449924,0.010087659582496,-0.10190194100142,0.035740036517382,0.089548386633396,0.0019897392485291,-0.036135144531727,-0.14563794434071,0.16492931544781,-0.030340392142534,-0.054145995527506,-0.07740169018507,-0.028580073267221,0.034864511340857,-0.15639533102512,-0.046335130929947,0.049301814287901,0.086709052324295,-0.053881235420704,-0.084221586585045,0.037162434309721,0.02492387406528,-0.044135857373476,0.079496383666992,-0.046528622508049,-0.087076373398304,-0.016679160296917,0.072245568037033,0.1389057636261,0.080117665231228,-0.049697879701853,-0.057227116078138,0.018043100833893,0.083577051758766,-0.06767226755619,-0.021549332886934,0.18512366712093,-0.13797822594643,-0.0033841310068965,-0.0083683831617236,0.074502386152744,-0.041219212114811,0.066900484263897,0.05532805249095,0.060134667903185,0.096181601285934,-0.064745135605335,0.21074061095715,-0.16480326652527,-0.020910784602165,0.077081076800823,-0.0057039111852646,0.070777043700218,0.136698782444,-0.075188174843788,-0.028255987912416,-0.10104909539223,0.098318561911583,0.036865971982479,0.063057407736778,-0.089550487697124,-0.010254356078804,0.028004936873913,0.12023988366127,-0.045514516532421,0.18290260434151,-0.028263945132494
-0.0411411896348,0.17768050730228,0.19255512952805,-0.023375049233437,0.046666592359543,0.10144863277674,-0.056725017726421,-0.035422079265118,-0.10103625059128,0.062228068709373,0.011801826767623,-0.09443224966526,0.037127926945686,-0.044475499540567,0.086818680167198,0.064294651150703,0.072942800819874,0.21626095473766,-0.066471442580223,-0.044918105006218,0.17730641365051,0.02202851139009,0.02252372354269,-0.028597559779882,0.043204747140408,-0.027973225340247,-0.20011873543262,-0.03249092772603,0.13653689622879,0.013569132424891,0.045585066080093,0.081307150423527,0.035232562571764,0.0429995842278,0.21365597844124,-0.016717877238989,0.09993876516819,0.072094231843948,0.13819892704487,-0.15929897129536,-0.032978110015392,-0.00033039337722585,0.11262105405331,-0.079948253929615,-0.0036707168910652,0.017252219840884,0.11147719621658,0.0050507909618318,-0.25336071848869,-0.11382077634335,0.00038259374559857,0.01252428535372,0.010939230211079,0.024050667881966,-0.054872628301382,0.021665303036571,0.1046589910984,-0.12032844871283,-0.057590696960688,-0.15552939474583,0.0083121564239264,0.054549660533667,-0.065047442913055,-0.070070587098598,0.097721993923187,0.11082217097282,-0.049803681671619,0.025873575359583,-0.11367130279541,0.069711066782475,0.036710299551487,-0.067168720066547,-0.06169804930687,-0.13946798443794,-0.0045505459420383,-0.021568259224296,-0.10888987034559,0.021847281605005,0.096402160823345,-0.081969127058983,-0.05027636513114,0.16019228100777,0.00060076278168708,0.043826840817928,0.031845558434725,0.019849916920066,-0.04993088170886,0.030935972929001,-0.0033695695456117,0.14161163568497,0.062281653285027,-0.028467526659369,-0.035266205668449,0.056080050766468,-0.058559350669384,-0.028115380555391,-0.046282228082418,0.22138698399067,-0.15810130536556,0.0066880616359413,0.087867550551891,0.043864533305168,-0.051848921924829,0.044687453657389,0.085014745593071,0.063611909747124,0.10550683736801,0.0032010995782912,0.16533868014812,-0.062017615884542,-0.10761534422636,-0.05326609313488,-0.077008828520775,0.0091700321063399,0.12038581073284,-0.045474480837584,-0.17775686085224,-0.08910371363163,-0.047117330133915,-0.0081874644383788,0.051670506596565,-0.016579169780016,0.0029530054889619,-0.023164683952928,0.083012081682682,0.032076507806778,0.13004273176193,-0.04946219176054
0.021450910717249,0.2122907191515,0.14817498624325,-0.03427941724658,-0.057874862104654,0.12438836693764,-0.047157853841782,0.078484326601028,-0.11064708977938,0.10569755733013,0.085159309208393,-0.13246238231659,0.013129394501448,-0.06134045124054,0.12998947501183,-0.019714524969459,0.099086970090866,0.17635150253773,-0.011242206208408,-0.076523497700691,0.069558009505272,0.018886113539338,0.077998079359531,0.076428808271885,0.056059543043375,-0.089361429214478,0.017775394022465,0.0084958644583821,0.15329469740391,-0.052203562110662,0.06250024586916,-0.06212842464447,0.045272160321474,0.084119096398354,0.11656399816275,-0.047064397484064,0.069038689136505,0.091187335550785,0.048561442643404,-0.065036669373512,-0.081613250076771,-0.062022525817156,-0.00060230499366298,0.019715655595064,-0.05808125436306,-0.060823824256659,0.064496338367462,0.025337390601635,-0.24474097788334,0.0052681337110698,0.073511883616447,0.09809122979641,-0.047247976064682,-0.012250866740942,-0.10304790735245,0.043583732098341,0.055426403880119,-0.035802762955427,-0.0067575806751847,-0.15228518843651,-0.088216885924339,-0.033323775976896,0.027581963688135,-0.14454546570778,0.075622223317623,0.08056578040123,-0.013088976033032,-0.058731850236654,-0.19093428552151,0.17024905979633,-0.054084770381451,-0.062242489308119,-0.09432053565979,-0.041876520961523,0.0052934610284865,-0.15550655126572,-0.0027487550396472,0.058749098330736,0.082058258354664,-0.046497642993927,-0.11817010492086,0.0071396790444851,0.00097599200671539,-0.070876009762287,0.0608617849648,-0.066983766853809,-0.088337272405624,-0.039557430893183,0.089930340647697,0.15181437134743,0.05977675691247,-0.070738650858402,-0.0468525364995,0.011302102357149,0.082951739430428,-0.045401193201542,-0.013568539172411,0.1707176566124,-0.11638884991407,-0.0058106142096221,0.0089165521785617,0.094224251806736,-0.051936265081167,0.071418948471546,0.06947436183691,0.05871619284153,0.097048781812191,-0.068074271082878,0.18657405674458,-0.16099148988724,-0.0460250005126,0.08422090113163,0.0025609184522182,0.058364946395159,0.14649112522602,-0.085879772901535,-0.017111180350184,-0.10862711071968,0.11176614463329,0.066127002239227,0.058108534663916,-0.09796466678381,-0.018551032990217,0.037165910005569,0.13629664480686,-0.028910646215081,0.19449931383133,-0.043322876095772
-0.017209880053997,0.19745753705502,0.18143871426582,-0.10172286629677,-0.012757346965373,0.07799731194973,-0.041635688394308,0.014055112376809,-0.11608915030956,0.0924256965518,0.070748470723629,-0.11522278934717,-0.017887426540256,-0.022624371573329,0.13266763091087,-0.0017322086496279,0.043809097260237,0.20236718654633,0.020706990733743,-0.095687478780746,0.098978042602539,0.15833257138729,0.042624272406101,0.046063136309385,-0.023118793964386,-0.018399843946099,0.024446573108435,-0.011362734250724,0.2113292068243,0.0045498581603169,-0.01617887802422,-0.13100044429302,0.03647705167532,0.012020437978208,0.21585494279861,-0.00066920905373991,0.075964234769344,0.053002987056971,0.016904419288039,-0.0078732185065746,-0.11786811798811,0.031715527176857,-0.01212025526911,0.11098694801331,-0.085610672831535,0.092236250638962,0.11557985842228,0.015927845612168,-0.24599263072014,-0.030034950003028,0.039368182420731,0.076880030333996,-0.11894929409027,0.00064185191877186,-0.068033166229725,0.048912383615971,0.055939681828022,-0.0030241943895817,-0.047705516219139,-0.057633139193058,-0.017056621611118,-0.047332644462585,0.065031185746193,-0.039751909673214,0.15165193378925,-0.096478655934334,-0.014303210191429,-0.073678344488144,-0.076469466090202,0.23329736292362,0.019843442365527,-0.046836156398058,-0.023435493931174,-0.081360660493374,-0.042434182018042,-0.12654526531696,-0.10268794000149,0.14767672121525,0.074243292212486,-0.16211806237698,0.0014335653977469,0.12052191048861,-0.058449923992157,-0.015946054831147,0.031309310346842,-0.096476621925831,-0.06956259906292,-0.044105317443609,-0.005213238298893,0.18426521122456,0.093697868287563,-0.023926563560963,-0.10132999718189,-0.027764957398176,0.087228827178478,-0.044124510139227,-0.020958252251148,0.16882286965847,-0.049109142273664,0.032395631074905,-0.00039550624205731,0.12223778665066,-0.032074324786663,-0.044107485562563,0.024354342371225,0.016864240169525,0.086391694843769,-0.090690225362778,0.1772593408823,-0.086131975054741,0.013481386937201,0.0078940102830529,-0.0082271387800574,0.028508771210909,0.10313519835472,-0.018929440528154,0.0064561595208943,-0.17619124054909,-0.0097120851278305,-0.00073844363214448,0.047861929982901,-0.058630127459764,-0.0078681195154786,0.039779789745808,0.079952597618103,-0.0036436228547245,0.14440181851387,-0.043057840317488
-0.036736115813255,0.24001432955265,0.19324330985546,-0.031230341643095,-0.00055695534683764,0.13546417653561,-0.041337952017784,0.014139019884169,-0.065145269036293,0.094372451305389,0.040658216923475,-0.12691724300385,0.0056526255793869,-0.11006976664066,0.10920023173094,0.01518115773797,0.04064005240798,0.24074621498585,-0.067036308348179,-0.10820187628269,0.15122066438198,0.03679334372282,0.019246650859714,0.037865929305553,0.069665595889091,-0.10660316795111,-0.11578416079283,-0.018711887300014,0.17006954550743,0.003757722908631,0.089329108595848,-0.010838027112186,0.027528539299965,0.065599136054516,0.20630048215389,-0.054145995527506,0.072372458875179,0.025135826319456,0.094460800290108,-0.11129528284073,-0.040270801633596,-0.051280781626701,0.067085243761539,0.0061410693451762,-0.013597627170384,-0.05597871914506,0.08595123142004,0.032603684812784,-0.25961315631866,-0.070544876158237,0.039956171065569,0.04119698703289,-0.012793983332813,-0.031984336674213,-0.11241982877254,0.061595872044563,0.055570740252733,-0.079477153718472,-0.047033999115229,-0.16915349662304,-0.044710509479046,0.017473803833127,-0.010503022931516,-0.090470507740974,0.08594699203968,0.082729563117027,-0.031911667436361,-0.061472985893488,-0.17954906821251,0.13141517341137,-0.0078018484637141,-0.057901125401258,-0.077277272939682,-0.10831697285175,-0.028514206409454,-0.097952276468277,-0.075417138636112,0.033588957041502,0.077324494719505,-0.064613372087479,-0.067735180258751,0.10961073637009,-0.0017799410270527,0.010448880493641,0.049603965133429,-0.018836805596948,-0.077204748988152,-0.022167719900608,0.039897099137306,0.16686430573463,0.06536016613245,-0.054917689412832,-0.066764689981937,0.018783150240779,0.0091809201985598,-0.026078552007675,-0.06880309432745,0.19272787868977,-0.15128095448017,0.02334107644856,0.073497280478477,0.053533587604761,-0.051783032715321,0.033336371183395,0.085239514708519,0.055989999324083,0.11144782602787,-0.038474019616842,0.16936999559402,-0.077600494027138,-0.062051672488451,-0.00022312981309369,-0.060540225356817,0.0225849468261,0.12755630910397,-0.063009850680828,-0.10046280920506,-0.07032660394907,0.046261459589005,0.026293160393834,0.076941855251789,-0.059703193604946,-0.024601217359304,0.0035429424606264,0.10292519629002,0.00012494288966991,0.15586256980896,-0.056405004113913
0.0070409122854471,0.24542839825153,0.16776570677757,0.022391570731997,-0.049185212701559,0.12260228395462,-0.050432097166777,-0.0048952181823552,-0.10846915841103,0.10827970504761,0.095772460103035,-0.11835122853518,-0.035099346190691,-0.09598807990551,0.1017907038331,-0.0099290739744902,0.05617542937398,0.25552809238434,-0.0030861715786159,-0.12014614790678,0.087914407253265,0.02914653159678,0.041431374847889,0.045868534594774,0.10004021972418,-0.097817733883858,-0.028339495882392,0.0086433915421367,0.14517225325108,0.00015150487888604,0.038677182048559,-0.031650315970182,0.018217390403152,0.055677574127913,0.16061243414879,-0.076686792075634,0.03854613378644,-0.001666092663072,0.097051657736301,-0.065200984477997,-0.067716255784035,-0.055323261767626,0.041124075651169,0.0331095084548,-0.047347564250231,-0.077725745737553,0.089940167963505,-0.010388631373644,-0.24828274548054,-0.034859973937273,0.12374622374773,0.09842149913311,-0.046432968229055,-0.020346136763692,-0.13732074201107,0.051229145377874,0.070007860660553,-0.073152616620064,0.00079595838906243,-0.12307326495647,-0.041222747415304,-0.020240444689989,0.015907127410173,-0.09961874037981,0.082964777946472,0.068118304014206,-0.012558894231915,-0.11336366087198,-0.17812621593475,0.19180402159691,-0.032642472535372,-0.04191106185317,-0.046183552592993,-0.053815901279449,-0.041257496923208,-0.16027012467384,-0.035359058529139,0.023255119100213,0.026938796043396,-0.069168329238892,-0.078851446509361,0.077895902097225,-0.0030737398192286,-0.045058608055115,0.052261631935835,-0.029198260977864,-0.10644977539778,-0.083130113780499,0.042415201663971,0.14449082314968,0.039519108831882,-0.0560442507267,-0.074643231928349,-0.0019323683809489,0.055676434189081,-0.049564469605684,-0.045474380254745,0.16740080714226,-0.099527917802334,0.013406868092716,0.013933739624918,0.091426827013493,-0.0099895801395178,0.053023837506771,0.10295843333006,0.051165778189898,0.14330396056175,-0.023799788206816,0.15107344090939,-0.1009366363287,-0.044829830527306,0.030669871717691,0.002853179583326,0.036355946213007,0.11598128825426,-0.11624124646187,-0.026712521910667,-0.076722949743271,0.11042757332325,-0.0044974982738495,0.067244328558445,-0.083517089486122,-0.020955296233296,-0.004391613882035,0.15920239686966,-0.020450478419662,0.19772151112556,-0.035766247659922
0.016872391104698,0.27447319030762,0.13419131934643,-0.050270140171051,-0.0031394357793033,0.18585921823978,-0.034919898957014,0.037327818572521,-0.062354743480682,0.10646638274193,0.11047670990229,-0.12785492837429,0.001515798503533,-0.065623514354229,0.15382646024227,-0.0065907710231841,0.04559850692749,0.20368671417236,-0.075017884373665,-0.16119089722633,0.086081728339195,0.082649946212769,-0.0064148912206292,0.063480392098427,0.12210730463266,-0.15438815951347,0.0069290087558329,0.076532192528248,0.13660496473312,0.012844115495682,0.071327582001686,-0.073954179883003,-0.007463782094419,0.10666243731976,0.10304240137339,-0.046003054827452,0.054859902709723,-0.085874550044537,0.090003147721291,-0.0030936116818339,-0.015862725675106,-0.063251607120037,0.10251747816801,0.056044708937407,-0.032060571014881,-0.12359929829836,0.065666601061821,0.037473205476999,-0.21923139691353,-0.014775620773435,0.12206640094519,0.02836642973125,-0.10995101928711,-0.025280615314841,-0.13465774059296,0.090370140969753,-0.0547837279737,-0.0020724146161228,-0.0092831151559949,-0.11817137151957,-0.095849320292473,-0.026146333664656,0.020828509703279,-0.12635940313339,0.023610707372427,0.10893543809652,-0.015230325981975,-0.064548775553703,-0.18851563334465,0.172312900424,-0.0067551760002971,0.0060463258996606,-0.039267547428608,-0.085553862154484,0.00066397892078385,-0.12520605325699,-0.017315220087767,0.016155621036887,0.0077935997396708,-0.077360324561596,-0.01042252779007,0.072669297456741,0.05135628208518,-0.010317252017558,0.010362067259848,0.020350178703666,-0.060839455574751,-0.092686355113983,0.062000658363104,0.18365748226643,0.039642006158829,-0.14287520945072,-0.10967611521482,-0.001250950852409,0.041637744754553,-0.02364076115191,-0.10469149053097,0.1139807626605,-0.11792547255754,0.037470430135727,-0.011071356013417,0.061123315244913,0.0052822912111878,0.050742723047733,0.022994363680482,0.08248296380043,0.029899412766099,-0.03133911639452,0.069686621427536,-0.12373282760382,0.0051542785950005,0.031109858304262,-0.019476838409901,0.088438972830772,0.10284499078989,-0.11829151213169,-0.024966165423393,-0.00693438667804,0.093349419534206,0.029434898868203,0.12678949534893,-0.093625359237194,-0.0074071120470762,0.049433264881372,0.1345037072897,-0.047241870313883,0.14841917157173,-0.039050925523043
0.021218011155725,0.10633796453476,0.05858176574111,0.030624797567725,0.072763934731483,0.087463460862637,0.0151137849316,-0.024754291400313,-0.017348576337099,0.072069093585014,0.12553563714027,-0.00118965562433,0.00719921477139,0.0020290415268391,0.10218061506748,0.080922186374664,0.050613585859537,0.12349954247475,-0.042242888361216,-0.020452346652746,0.095386661589146,-0.0031993365846574,0.167973279953,0.059792879968882,0.10251577943563,-0.059148300439119,0.026653742417693,-0.0045474567450583,0.1855873465538,0.0060896049253643,0.070034585893154,0.058072302490473,0.090286560356617,0.076022237539291,0.010729119181633,-0.023477829992771,0.00077285198494792,0.14194846153259,0.041480466723442,-0.036820132285357,0.010322434827685,-0.016515025869012,0.01115105021745,0.0038250114303082,-0.16874571144581,-0.14132502675056,0.022331489250064,-0.017074914649129,-0.048843432217836,-0.0013626740546897,0.060770869255066,0.099426254630089,-0.087081648409367,-0.0087894694879651,-0.013486884534359,0.046145755797625,0.076484471559525,0.063026495277882,-0.070882588624954,-0.016700321808457,-0.19883024692535,-0.13251779973507,0.10728868842125,-0.13669808208942,0.12841862440109,0.1095098555088,-0.096397742629051,-0.015214149840176,-0.18458345532417,0.20148652791977,-0.034716434776783,0.082745380699635,-0.087225534021854,0.051209818571806,0.054355334490538,-0.11382903903723,0.062077686190605,0.0076143816113472,-0.042643081396818,-0.062082055956125,-0.063088849186897,-0.0012078111758456,0.088571362197399,-0.020412120968103,0.017314348369837,-0.072763092815876,-0.0079896757379174,0.036550112068653,0.021958688274026,0.048466496169567,0.059397395700216,-0.075343556702137,-0.09544924646616,0.0097189731895924,0.13000150024891,-0.083454497158527,-0.092665202915668,0.17467653751373,-0.024503914639354,0.013707637786865,-0.0048791677691042,-0.015796691179276,0.0091206729412079,0.099824801087379,0.072999693453312,0.068485021591187,0.0783317014575,-0.030627800151706,0.2786126434803,-0.18694593012333,-0.10495825856924,0.14638550579548,0.02199693582952,0.11771152168512,0.19372564554214,-0.042259689420462,0.075931556522846,-0.016248224303126,0.10711542516947,0.20856522023678,0.098350532352924,-0.047287248075008,-0.036131158471107,0.035431001335382,0.012019851244986,0.059209942817688,0.15902857482433,0.079075574874878
0.010831164196134,0.16024421155453,0.11332838237286,0.062527023255825,0.072999857366085,0.16010093688965,0.014592257328331,0.0064505841583014,0.0019722215365618,0.0092418007552624,0.1032739803195,-0.016588730737567,-0.047340247780085,-0.10684833675623,0.14470626413822,0.012833632528782,-0.008945832028985,0.039288271218538,-0.064485102891922,-0.062791503965855,0.065792620182037,0.0076426188461483,0.12207701802254,0.040924746543169,0.17511419951916,-0.13374593853951,-0.00977682787925,-0.0054759047925472,0.1311444491148,-0.054608963429928,0.17803002893925,-0.010302025824785,0.0045038932003081,0.093895442783833,0.014646959491074,-0.0049558174796402,-0.016647785902023,0.022059049457312,0.034101840108633,0.017758334055543,0.11253295093775,-0.049558874219656,-0.0029429886490107,0.023111321032047,-0.14581076800823,-0.12554533779621,0.0189772490412,-0.020551584661007,-0.047090120613575,0.025972165167332,0.056497257202864,0.1288590580225,-0.1002503708005,-0.053652055561543,-0.047504879534245,0.027568075805902,-0.007198931183666,0.04497067257762,-0.069220528006554,-0.01036645565182,-0.21080157160759,-0.10265699028969,0.061956923455,-0.16706438362598,0.11332175135612,0.060104250907898,-0.015055474825203,-0.052977293729782,-0.18456189334393,0.23298463225365,-0.010755533352494,0.15669037401676,-0.067698560655117,0.0699707493186,0.061077237129211,-0.11561313271523,0.023341400548816,0.029080599546432,-0.055899683386087,0.066800273954868,-0.092770531773567,-0.021861674264073,0.13069829344749,0.029005223885179,0.020282840356231,-0.057433914393187,0.025010444223881,0.022516010329127,-0.036712292581797,0.020002311095595,0.058260351419449,-0.069713808596134,-0.09050614386797,-0.0058303265832365,0.070333234965801,-0.11181043088436,-0.045927047729492,0.092564895749092,-0.069602265954018,0.0096786161884665,-0.082408383488655,-0.0061059081926942,-0.010962132364511,0.089260429143906,0.052419573068619,0.076680704951286,0.078023359179497,0.042209729552269,0.22304283082485,-0.11718440800905,-0.074445709586143,0.11836438626051,-0.041096623986959,0.10585276037455,0.16897630691528,-0.072441831231117,0.043511763215065,0.0029978826642036,0.13858237862587,0.22838371992111,0.11092165112495,-0.0007383517222479,-0.063910417258739,0.075578279793262,0.075270429253578,0.0061329277232289,0.17676924169064,0.085574798285961
-0.036481723189354,0.19878895580769,0.05174907296896,-0.014668665826321,0.077336631715298,0.18611857295036,-0.025217378512025,0.00090803991770372,-0.016512429341674,0.060646448284388,0.070405311882496,0.0026260332670063,-0.033454205840826,-0.15991957485676,0.12787052989006,0.040518779307604,-0.07813074439764,0.001911363331601,-0.019963858649135,-0.063251987099648,0.039634495973587,0.032491721212864,0.12748698890209,0.0082643879577518,0.14846116304398,-0.089408338069916,0.061257652938366,-0.015936784446239,0.15218108892441,-0.022341132164001,0.14687615633011,-0.034603901207447,0.029204230755568,0.089359007775784,0.01561604719609,-0.020604707300663,0.025896199047565,-0.036592926830053,0.074541628360748,0.03703773394227,0.10915395617485,-0.13986796140671,0.058480486273766,0.046967674046755,-0.15024964511395,-0.11807858198881,0.070708930492401,0.022993359714746,-0.07281655818224,0.06021648272872,0.065359704196453,0.10158599168062,-0.097635537385941,-0.040449805557728,-0.037499163299799,0.043067060410976,0.0060529983602464,0.022885477170348,-0.10587351024151,-0.0067592384293675,-0.20626336336136,-0.10669668018818,0.10940700769424,-0.14984008669853,0.12395407259464,0.033446416258812,-0.056784570217133,-0.062340009957552,-0.17288143932819,0.18987162411213,-0.076579287648201,0.15118737518787,-0.11561676114798,0.062245134264231,0.1027395054698,-0.08759281784296,0.039001572877169,0.059399846941233,-0.041901167482138,0.072912625968456,-0.041139546781778,-0.03991910815239,0.15341302752495,0.11752776801586,0.0031838261056691,-0.039448816329241,0.014580996707082,0.051360618323088,0.015117497183383,0.054717272520065,0.042559962719679,-0.075045041739941,-0.12199749052525,0.052620936185122,0.041381809860468,-0.096254661679268,-0.070722699165344,0.1340856552124,-0.051884539425373,-0.013170775026083,-0.050118859857321,-0.030983746051788,-0.037777882069349,0.080096431076527,0.063613139092922,0.077817335724831,0.046678055077791,0.068215683102608,0.15148231387138,-0.087026417255402,-0.056392271071672,0.10914866626263,-0.015107254497707,0.10646486282349,0.11643865704536,-0.070137865841389,0.053429398685694,0.051654040813446,0.12780433893204,0.24585253000259,0.15025156736374,-0.038742925971746,-0.024000598117709,0.029241416603327,0.016637230291963,0.021973062306643,0.13796313107014,0.090680427849293
0.0054661375470459,0.16977180540562,0.077246844768524,0.026505975052714,0.088535808026791,0.18941980600357,0.012158420868218,0.011988494545221,0.0012613430153579,0.05138498544693,0.13371674716473,0.0048928000032902,-0.032652720808983,-0.10380584746599,0.14301313459873,0.047232661396265,0.0044301110319793,0.060602523386478,-0.07268575578928,-0.069325938820839,0.062511317431927,0.057358361780643,0.078463561832905,0.082409411668777,0.14514420926571,-0.11113402247429,0.0026651385705918,0.014579731971025,0.16608890891075,-0.032780047506094,0.15664100646973,-0.0094290487468243,-0.019174084067345,0.091678962111473,-0.018148984760046,0.020732805132866,-0.023748414590955,-0.040032058954239,0.046346858143806,0.08566689491272,0.11191830784082,-0.026129959151149,0.012663261964917,0.038964461535215,-0.12719170749187,-0.17202685773373,0.042490370571613,-0.0065645538270473,-0.037865325808525,0.02239091694355,0.080691978335381,0.092269591987133,-0.16076827049255,-0.055383283644915,-0.056756474077702,0.063990101218224,-0.043635454028845,0.094599403440952,-0.06274751573801,0.022891540080309,-0.23132564127445,-0.095169939100742,0.10025684535503,-0.17371036112309,0.086409837007523,0.037147846072912,-0.0081237321719527,-0.063730373978615,-0.17454822361469,0.22374667227268,-0.00010719980491558,0.18333359062672,-0.04874936118722,0.085799664258957,0.066999390721321,-0.11199934780598,0.01994713395834,0.067724630236626,-0.078556939959526,0.0040571726858616,-0.033010337501764,0.029070515185595,0.14186307787895,0.039540588855743,-0.0002472692867741,-0.016373135149479,0.046257235109806,0.00060678436420858,-0.034418877214193,0.021564172580838,0.048686500638723,-0.08431988209486,-0.12364878505468,0.0096399951726198,0.10594473779202,-0.084765940904617,-0.078088887035847,0.068735718727112,-0.085058800876141,0.037841264158487,-0.10007131099701,-0.024066466838121,-0.01294787414372,0.091713219881058,0.017306968569756,0.10498994588852,0.038187548518181,6.826998287579e-05,0.17074629664421,-0.11081058532,-0.057131912559271,0.11339773237705,-0.0076072108931839,0.11468116939068,0.14909356832504,-0.07646831870079,0.061884135007858,0.0096890712156892,0.10936802625656,0.20541562139988,0.12769457697868,-0.030554234981537,-0.035707410424948,0.069951452314854,0.016323732212186,0.031304340809584,0.11593571305275,0.084162697196007
0.031067008152604,0.069319330155849,0.07628520578146,0.03816919028759,0.08335018903017,0.12444641441107,0.00070531340315938,0.016469795256853,-0.041931997984648,0.028672242537141,0.10205569863319,-0.0017685982165858,-0.0041366713121533,-0.048974078148603,0.12702883780003,0.056792702525854,0.016668973490596,0.018459318205714,-0.023503640666604,0.019085809588432,0.073989428579807,-0.038023639470339,0.16467766463757,0.046885430812836,0.136768206954,-0.049994889646769,0.030701873824,-0.018907008692622,0.1464913636446,-0.067496784031391,0.12524649500847,0.036232396960258,0.054352845996618,0.10231196880341,-0.018544217571616,0.0091495495289564,-0.0059540118090808,0.092564910650253,0.041646469384432,-0.065062619745731,0.074578501284122,-0.079120673239231,0.013913672417402,-0.0038909711875021,-0.15576323866844,-0.13137410581112,0.02085985057056,0.003137897932902,-0.05695316568017,0.028524691238999,0.015738261863589,0.086738578975201,-0.063308708369732,-0.022526143118739,0.012869130820036,0.014926264062524,0.021735934540629,0.053388051688671,-0.080949813127518,-0.025777446106076,-0.19914400577545,-0.1029349192977,0.096146978437901,-0.14746326208115,0.11943458020687,0.14343199133873,-0.080261066555977,-0.011619841679931,-0.17140282690525,0.17308278381824,-0.080575525760651,0.11002544313669,-0.11073496192694,0.069800816476345,0.086709290742874,-0.12355995923281,0.093786679208279,0.024107741191983,-0.012639874592423,0.045308742672205,-0.079027891159058,-0.063265144824982,0.10884376615286,-0.018213897943497,0.02856931835413,-0.077971927821636,0.01107064075768,0.087195262312889,0.022511528804898,0.048956640064716,0.10937097668648,-0.04709430411458,-0.096887923777103,0.057404145598412,0.074257411062717,-0.07537953555584,-0.057414073497057,0.14289194345474,-0.034835938364267,-0.024415336549282,-0.032509833574295,-0.040651697665453,-0.028270322829485,0.071665443480015,0.070849537849426,0.10162391513586,0.077007882297039,0.017973806709051,0.2593928873539,-0.17181485891342,-0.1014107465744,0.17274343967438,0.0017504571005702,0.10107243061066,0.20956055819988,-0.059690464287996,0.05997846275568,-0.0026312195695937,0.12097216397524,0.24738128483295,0.095183044672012,-0.033931437879801,-0.023459136486053,0.055886447429657,0.012780418619514,0.045307829976082,0.18484236299992,0.07922326028347
-0.015727989375591,0.21146334707737,0.14155407249928,0.018588922917843,0.043061885982752,0.234564229846,-0.022288594394922,-0.013896428048611,-0.018987633287907,0.033816769719124,0.10614383965731,0.008810868486762,-0.053961552679539,-0.1921888589859,0.11930527538061,0.016869535669684,-0.12197118252516,0.058145709335804,-0.077306434512138,-0.099576465785503,0.070452630519867,0.098012797534466,0.058652136474848,0.035921648144722,0.12362740188837,-0.11877663433552,-0.011694818735123,-0.00063896365463734,0.11744301021099,-0.014092504046857,0.12891203165054,-0.078741885721684,-0.056354194879532,0.095265798270702,0.048173204064369,-0.012343196198344,-0.011055580340326,-0.10803648084402,0.08386517316103,0.10617509484291,0.099203735589981,-0.088637575507164,0.021272821351886,0.027448751032352,-0.11284261196852,-0.17164453864098,0.0705950781703,-0.0019521443173289,-0.079907946288586,0.087517015635967,0.11968173831701,0.089923620223999,-0.15723259747028,-0.0089169917628169,-0.058509588241577,0.03225938975811,-0.016606817021966,0.019549060612917,-0.10219421982765,0.010124884545803,-0.16872526705265,-0.064035438001156,0.092653334140778,-0.14184072613716,0.097843438386917,-0.022426085546613,0.014981125481427,-0.096249081194401,-0.16829800605774,0.23650480806828,-0.0050475583411753,0.18187737464905,-0.035031486302614,0.095979630947113,0.052348531782627,-0.10496136546135,-0.013960391283035,0.033141858875751,-0.045155867934227,0.069466218352318,0.014440256170928,0.0066832471638918,0.1642342209816,0.10674348473549,-0.01933172531426,-0.007335654925555,0.035444989800453,-0.0027556854765862,-0.024322034791112,0.063816912472248,0.029481029137969,-0.098733052611351,-0.097608052194118,0.044697947800159,-0.0051700859330595,-0.10866644233465,-0.08803753554821,0.071005590260029,-0.07789096981287,0.046028979122639,-0.054295741021633,0.01447862945497,-0.044655159115791,0.051534049212933,0.092254683375359,0.086773335933685,0.06539735943079,0.04579721391201,0.092846229672432,-0.033235136419535,-0.039032325148582,0.064339734613895,-0.016475534066558,0.10196901857853,0.092696726322174,-0.056816577911377,0.058628853410482,0.084799662232399,0.083861865103245,0.16559033095837,0.13575400412083,-0.039497178047895,-0.011559660546482,0.012537724338472,0.065458916127682,0.031699266284704,0.15401214361191,0.096388444304466
0.052985608577728,0.045704778283834,0.10657507181168,0.11276193708181,0.070526033639908,0.11080268025398,0.056557662785053,-0.015361970290542,-0.0076507381163538,0.055002011358738,0.1718236207962,0.052816286683083,0.030617423355579,0.0074126585386693,0.11995428800583,0.026445683091879,0.070960097014904,0.15538646280766,-0.097583420574665,-0.016506506130099,0.13527242839336,-0.036055352538824,0.10012264549732,0.14512613415718,0.1236734688282,-0.096221260726452,-0.041535444557667,-0.047392703592777,0.075827233493328,0.029640395194292,0.068484492599964,0.094557553529739,0.052682586014271,0.14238142967224,-0.027866445481777,0.0024641044437885,-0.04541015997529,0.085872732102871,-0.019135877490044,-0.032480228692293,0.070876069366932,-0.0091829588636756,-0.022865764796734,-0.0020029172301292,-0.15810635685921,-0.17852088809013,0.0021473763044924,-0.051022835075855,-0.034517735242844,-0.032932613044977,0.13706675171852,0.04031590372324,-0.11725687235594,-0.020972615107894,0.035016264766455,0.081061206758022,-0.013133934698999,0.075509615242481,-0.024217752739787,0.011325307190418,-0.17083235085011,-0.14130638539791,0.034102667123079,-0.1498040407896,0.13125152885914,0.084502711892128,-0.058413423597813,-0.0072638504207134,-0.18673610687256,0.23838175833225,0.0037700403481722,0.098856225609779,-0.052136521786451,0.00435198424384,0.010526963509619,-0.082914903759956,0.048153266310692,0.013629285618663,-0.065163381397724,-0.030829958617687,-0.11796066910028,0.0023722785990685,0.092466302216053,-0.075230807065964,-0.028635542839766,-0.046651281416416,0.080842867493629,-0.024046799167991,-0.03585821390152,0.047714214771986,0.026452505961061,-0.12078682333231,-0.070386998355389,-0.020776642486453,0.032621495425701,-0.057786736637354,-0.10202857106924,0.047276448458433,0.00039727526018396,0.035908583551645,0.00066963088465855,0.024903016164899,0.025523453950882,0.099806912243366,0.079781703650951,0.049355126917362,0.026720892637968,-0.027375707402825,0.18818762898445,-0.19031408429146,-0.13292019069195,0.12842787802219,-0.029604006558657,0.053345136344433,0.20966728031635,-0.038801651448011,0.051026664674282,-0.060251619666815,0.08810518682003,0.21544247865677,0.10184936225414,-0.019837599247694,-0.082099951803684,0.08790085464716,0.082162626087666,0.069015666842461,0.17403738200665,0.071551389992237
0.016690164804459,0.097134001553059,0.056876361370087,0.018220460042357,0.10262836515903,0.097003325819969,0.020521551370621,-0.018162904307246,-0.019671756774187,0.065077647566795,0.10703217238188,0.0098991151899099,0.012141366489232,-0.035873539745808,0.1049110814929,0.08314174413681,0.037639949470758,0.080680556595325,-0.041538748890162,0.00064374675275758,0.097187422215939,0.0058086947537959,0.16244116425514,0.067731395363808,0.10633025318384,-0.038671676069498,0.022683506831527,-0.023195127025247,0.21461646258831,-0.0042542978189886,0.098894372582436,0.054816193878651,0.068170957267284,0.070075020194054,0.0074783368036151,-0.023711616173387,-0.0028899509925395,0.1380341053009,0.046862978488207,-0.039342146366835,0.044531885534525,-0.028048697859049,0.0053836917504668,0.023489307612181,-0.17232470214367,-0.13486495614052,0.02663373015821,0.0066269249655306,-0.031696911901236,-0.010839315131307,0.042582482099533,0.10302641987801,-0.081546239554882,-0.033979285508394,-0.0014105822192505,0.030873768031597,0.060042340308428,0.081072360277176,-0.08115703612566,-0.019103564321995,-0.2121989428997,-0.13691410422325,0.1199551448226,-0.12133631110191,0.12408626079559,0.087993085384369,-0.089383445680141,-0.019492169842124,-0.16893126070499,0.17491464316845,-0.050883259624243,0.10787545889616,-0.096586167812347,0.063787281513214,0.064667999744415,-0.11532412469387,0.055378761142492,0.03922875598073,-0.02595199085772,-0.0088210934773088,-0.046867966651917,-0.0040227468125522,0.10913546383381,0.0064106746576726,0.041191373020411,-0.10147731751204,0.018265735358,0.077654488384724,0.017321445047855,0.030122831463814,0.074691534042358,-0.045901715755463,-0.10834459215403,0.030651461333036,0.10937261581421,-0.098766937851906,-0.071626454591751,0.16875989735126,-0.031766660511494,-0.010093609802425,-0.0097508430480957,-0.026166250929236,-0.0018355142092332,0.10291667282581,0.04703277349472,0.066202044487,0.075780220329762,-0.008204773068428,0.30845534801483,-0.16884437203407,-0.086580537259579,0.16191807389259,-0.008825670927763,0.12475775927305,0.1925942003727,-0.032726280391216,0.054174140095711,-0.014235501177609,0.083216071128845,0.22784939408302,0.093666464090347,-0.025476278737187,-0.043478295207024,0.034689754247665,-0.027432110160589,0.064847342669964,0.13579864799976,0.076791405677795
-0.0014305170625448,0.17440716922283,0.048468764871359,0.014570125378668,0.10383994877338,0.15462611615658,0.03606479242444,0.0024942741729319,-0.011048217304051,0.069104187190533,0.092611216008663,0.007427406962961,-0.0074724899604917,-0.095037914812565,0.132110491395,0.034790679812431,-0.0014403691748157,0.040526688098907,-0.044145688414574,-0.047392021864653,0.062776617705822,0.0052356570959091,0.1067306548357,0.037959970533848,0.15937243402004,-0.10753194987774,0.0050387484952807,0.0084145469591022,0.1812449991703,0.0020795946475118,0.13971623778343,0.023292409256101,0.02363490127027,0.092351861298084,-0.0045042205601931,-0.030016589909792,0.0083569874987006,0.008069634437561,0.06486339867115,0.001863973098807,0.10934299230576,-0.082351058721542,0.058125749230385,0.033421576023102,-0.16000078618526,-0.14840058982372,0.03376904502511,0.015874540433288,-0.030668504536152,0.016869889572263,0.063811384141445,0.11281740665436,-0.11288564652205,-0.052018582820892,-0.026759512722492,0.046090472489595,-0.014313087798655,0.063108667731285,-0.088667452335358,-0.0028104356024414,-0.21789115667343,-0.12076761573553,0.098659433424473,-0.1575383245945,0.10343098640442,0.078540556132793,-0.060212347656488,-0.057806439697742,-0.19374099373817,0.17453198134899,-0.044009171426296,0.15556862950325,-0.098569609224796,0.072785586118698,0.075991399586201,-0.090374827384949,0.062314208596945,0.038573991507292,-0.042215943336487,0.031371053308249,-0.060017421841621,-0.021775767207146,0.15543721616268,0.078293077647686,0.032907944172621,-0.061496295034885,0.025838436558843,0.047772768884897,0.024537174031138,0.035572469234467,0.048570021986961,-0.079251490533352,-0.11746615916491,0.023767754435539,0.071050144731998,-0.11491607874632,-0.068565100431442,0.1214899495244,-0.060808558017015,-0.0027613462880254,-0.050016421824694,-0.015452581457794,0.0014450938906521,0.10986591130495,0.024994861334562,0.088029555976391,0.05149058625102,0.049075331538916,0.21718995273113,-0.12070215493441,-0.063481248915195,0.1126539260149,-0.041304398328066,0.12390625476837,0.14977510273457,-0.073204636573792,0.070521228015423,0.031269688159227,0.12437605112791,0.24818827211857,0.12535963952541,-0.027889586985111,-0.046671777963638,0.052183881402016,0.0047960272058845,0.025350958108902,0.13719621300697,0.080877281725407
0.0095621068030596,0.1735455095768,0.080975361168385,0.028651423752308,0.048830304294825,0.22887897491455,-0.046170968562365,-0.056682012975216,-0.042414307594299,0.0088182054460049,0.098328806459904,-0.015334823168814,-0.092665150761604,-0.20421060919762,0.10364768654108,0.058593668043613,-0.1195384785533,0.049357999116182,-0.017804684117436,-0.085565954446793,0.04270276427269,0.12584972381592,0.12008067965508,0.028910031542182,0.096662133932114,-0.047343194484711,0.021160807460546,-0.077932432293892,0.15337762236595,-0.049740329384804,0.1322528719902,-0.039140034466982,-0.076273068785667,0.046263594180346,0.066416941583157,0.021647216752172,-0.021120255813003,-0.063693411648273,0.097764581441879,0.12036234140396,0.075768984854221,-0.062316603958607,-0.057047750800848,0.046404466032982,-0.13244250416756,-0.084996536374092,0.10255543887615,0.011490670964122,-0.082715593278408,0.072701513767242,0.075134642422199,0.14571924507618,-0.10130169987679,-0.019953858107328,-0.072172962129116,-0.0022234956268221,0.098825521767139,0.037638194859028,-0.076265595853329,0.012987846508622,-0.17568263411522,-0.038548618555069,0.15456447005272,-0.13028894364834,0.099597699940205,-0.060297656804323,0.03508584946394,-0.088265173137188,-0.091082997620106,0.27865698933601,-0.04492350295186,0.19176641106606,-0.042487140744925,0.14574782550335,0.053440697491169,-0.16655239462852,-0.064191751182079,0.071473687887192,-0.078023657202721,0.074982777237892,0.046726293861866,0.0599025785923,0.09867575019598,0.034963205456734,-0.0069514932110906,-0.015287606976926,0.0038850563578308,0.0044113653711975,-0.090102449059486,0.018548127263784,0.1002573594451,0.0021083015017211,-0.1169345676899,0.016034454107285,0.055735148489475,-0.098471164703369,-0.035403490066528,0.12941178679466,-0.042510032653809,0.018197624012828,-0.060238871723413,-0.0092671616002917,-0.03961843252182,0.05410236120224,0.084596045315266,0.0565623678267,0.087916783988476,0.043143689632416,0.15097039937973,-0.0017547901952639,-0.016677211970091,0.12286013364792,0.021956030279398,0.049922052770853,0.10573269426823,-0.034190561622381,0.046174686402082,0.0022947469260544,0.095553919672966,0.14484198391438,0.13482265174389,-0.034872110933065,0.033844128251076,0.0052394708618522,-0.0037209952715784,0.031499855220318,0.13274678587914,0.10545116662979
-0.013794436119497,0.044764898717403,0.043049093335867,-0.061878837645054,0.066677123308182,-0.071411125361919,-0.040388450026512,-0.060502137988806,-0.024438977241516,0.014063066802919,0.075096800923347,-0.035416655242443,0.054391730576754,0.19041521847248,0.082337036728859,0.054739698767662,0.050883010029793,0.077770195901394,0.021586704999208,0.011129717342556,0.11658541858196,0.016312919557095,0.054825689643621,-0.20272397994995,0.038142591714859,0.1014437302947,-0.074805624783039,0.017299538478255,0.03402554243803,0.063253924250603,-0.066192418336868,0.06464484333992,0.18376326560974,0.0041621550917625,0.13099819421768,0.02439646795392,0.17070716619492,0.20389232039452,0.168625831604,-0.1440347880125,-0.028239516541362,0.097565658390522,0.14271104335785,-0.057210557162762,-0.11199620366096,0.037346448749304,0.065369606018066,-0.085882551968098,-0.049481816589832,-0.10990466922522,-0.10709469765425,0.0031282517593354,-0.042099002748728,0.17840304970741,0.0689966827631,-0.0095208780840039,0.092149585485458,-0.10605054348707,-0.13813190162182,-0.080096930265427,-0.0052903448231518,-0.12232300639153,0.0013274815864861,0.0095846187323332,0.085008308291435,0.16157141327858,-0.08330038189888,0.16264276206493,0.097678810358047,-0.0096220495179296,0.10943053662777,-0.053458504378796,-0.0047032828442752,-0.12963570654392,0.073658645153046,0.027483742684126,-0.088258631527424,-0.059680428355932,0.018816024065018,-0.13795483112335,-0.045579396188259,0.14388062059879,0.04438865557313,0.08117688447237,0.0018937146523967,0.023587195202708,0.0016995638143271,0.099535070359707,0.073615558445454,0.042516753077507,0.032050233334303,-0.095106959342957,-0.005394680891186,-0.010786618106067,-0.048289082944393,-0.15487033128738,-0.089926950633526,0.19122496247292,-0.036279384046793,-0.016357772052288,-0.028582500293851,0.0015044184401631,0.087076388299465,-0.018791019916534,0.031711582094431,0.068739458918571,0.050613574683666,0.040209200233221,0.13670194149017,-0.11158604174852,-0.099456742405891,-0.11360231786966,-0.11633892357349,0.076254732906818,0.09500315785408,-0.038624085485935,-0.034852586686611,-0.12254671752453,-0.048483699560165,-0.050390731543303,0.077262356877327,0.062108460813761,0.053435526788235,0.04303689673543,0.07187744230032,-0.025989048182964,0.18545320630074,0.10582967102528
-0.018759435042739,0.053983438760042,-0.00017406561528333,-0.041156899183989,0.064543537795544,-0.061837717890739,-0.03464699536562,-0.11419704556465,-0.03027930110693,0.0024476815015078,0.072188176214695,-0.014243267476559,0.041403580456972,0.1742275506258,0.039481434971094,0.069542318582535,0.013112869113684,0.081787914037704,0.043032217770815,0.014016631990671,0.11057034134865,0.00046598029439338,0.064598433673382,-0.22724430263042,0.031608793884516,0.11570703238249,-0.086135536432266,-0.020722193643451,0.036087635904551,0.09127788990736,-0.07945941388607,0.095402352511883,0.18048787117004,-0.021920461207628,0.1350584924221,0.02172501757741,0.15381534397602,0.19889751076698,0.19059634208679,-0.13353425264359,-0.039951391518116,0.088130734860897,0.13527725636959,-0.059028692543507,-0.12065134197474,0.053776454180479,0.093885473906994,-0.10242441296577,-0.068147785961628,-0.11677585542202,-0.12291686981916,0.0082079991698265,-0.016610193997622,0.17849138379097,0.059091586619616,-0.0032502019312233,0.13024905323982,-0.08849024772644,-0.15375424921513,-0.053804438561201,-0.0063435342162848,-0.10047725588083,0.054888427257538,-0.0044563766568899,0.11196881532669,0.15998809039593,-0.08718479424715,0.1417633742094,0.091886557638645,-0.0092283831909299,0.10093034803867,-0.047922380268574,-0.010698850266635,-0.10279704630375,0.075801566243172,0.032689578831196,-0.092775210738182,-0.088898450136185,-0.0098203653469682,-0.14130192995071,-0.043944645673037,0.14750631153584,0.021915251389146,0.08438503742218,-0.022652911022305,0.04800895601511,-0.016026305034757,0.073359318077564,0.046985104680061,0.024485321715474,0.043223295360804,-0.090714298188686,-0.0084429243579507,-0.0061320061795413,-0.031383540481329,-0.14978082478046,-0.090591266751289,0.21180632710457,-0.0091595370322466,0.0031762199942023,-0.026421131566167,-0.01442541833967,0.080145008862019,-0.013917598873377,0.036023087799549,0.08290372043848,0.076359622180462,0.067598842084408,0.1169725432992,-0.093357056379318,-0.1013016924262,-0.12374448031187,-0.09404893219471,0.050515405833721,0.083669126033783,-0.022649077698588,-0.039217792451382,-0.10029182583094,-0.023499090224504,-0.047705367207527,0.072452023625374,0.03947651386261,0.06197714060545,0.015297753736377,0.056092299520969,0.0049109044484794,0.16865064203739,0.11392882466316
0.0017498739762232,0.076172985136509,-0.0081906327977777,-0.047967448830605,0.059066046029329,-0.049423482269049,-0.031090481206775,-0.075511589646339,-0.048832856118679,0.036797352135181,0.086380362510681,-0.034208904951811,0.068519547581673,0.20998625457287,0.074256047606468,0.082797721028328,0.071911633014679,0.094035468995571,0.026811541989446,0.0089344419538975,0.094141833484173,0.0266232509166,0.05031144246459,-0.20336653292179,0.01376433763653,0.10298272222281,-0.082842715084553,0.011967837810516,0.056035205721855,0.092755697667599,-0.091009005904198,0.15116038918495,0.16729861497879,0.0006362953572534,0.08749595284462,0.046027287840843,0.1705613732338,0.18507625162601,0.16561159491539,-0.10181711614132,-0.036861732602119,0.093285173177719,0.14586332440376,-0.061060555279255,-0.11389085650444,0.056489650160074,0.10361088812351,-0.096796952188015,-0.078079253435135,-0.12331154942513,-0.071694068610668,0.024814892560244,-0.069102808833122,0.18060490489006,0.056576922535896,0.0143913179636,0.10450620949268,-0.092133179306984,-0.099150724709034,-0.048587776720524,-0.026495957747102,-0.11016501486301,0.014673209749162,-0.029209366068244,0.0800726339221,0.1564404219389,-0.064358979463577,0.14547316730022,0.098913997411728,0.01655493862927,0.09963908046484,-0.04485322907567,-0.00060626806225628,-0.088778980076313,0.075572408735752,0.020600004121661,-0.077556438744068,-0.046260312199593,-0.034170679748058,-0.19183103740215,-0.018099745735526,0.17396014928818,0.0098900459706783,0.054860062897205,-0.0091472044587135,0.077183768153191,-0.010934011079371,0.042492467910051,0.043314822018147,0.046602386981249,0.0336934030056,-0.10567478090525,-0.042285412549973,-0.025281552225351,-0.0044679287821054,-0.1197265535593,-0.082233786582947,0.20175993442535,-0.011427783407271,0.0079333176836371,-0.047572128474712,0.00043904801714234,0.10776253789663,0.024875361472368,-0.0039213886484504,0.08439701795578,0.019029539078474,0.05191782489419,0.11658027768135,-0.11439154297113,-0.11393766850233,-0.10233844071627,-0.10368217527866,0.044571224600077,0.085199907422066,-0.062382526695728,-0.0082777570933104,-0.16183993220329,-0.016002174466848,-0.057602096349001,0.097699448466301,0.050069399178028,0.090328074991703,0.056239377707243,0.059374403208494,-0.027875959873199,0.15901942551136,0.10417573899031
-0.021179161965847,0.051446061581373,0.036130674183369,-0.055563665926456,0.09015230089426,-0.073776461184025,-0.024951204657555,-0.078150928020477,-0.017733674496412,0.0024797634687275,0.059655625373125,-0.020472317934036,0.039715003222227,0.16056135296822,0.071138836443424,0.066285505890846,0.031383443623781,0.062638014554977,0.016460375860333,0.012424746528268,0.11569494009018,0.019653577357531,0.0565424002707,-0.22528094053268,0.037484426051378,0.10159461945295,-0.095864102244377,-0.0015215199673548,0.041643790900707,0.06811199337244,-0.06228020042181,0.085086859762669,0.17443482577801,-0.00010276273678755,0.13343079388142,0.019003624096513,0.17194107174873,0.19473324716091,0.17926047742367,-0.13465912640095,-0.0056477282196283,0.091005742549896,0.14115443825722,-0.065532632172108,-0.11503171175718,0.074624143540859,0.071725234389305,-0.09168890863657,-0.052122764289379,-0.11788489669561,-0.1230064034462,0.016438184306026,-0.041563998907804,0.16890048980713,0.066195346415043,-0.016805926337838,0.10673432052135,-0.11050676554441,-0.16306784749031,-0.046471763402224,-0.0019679381512105,-0.11638550460339,0.0036388661246747,0.0064664762467146,0.10191163420677,0.13414017856121,-0.087440960109234,0.16461992263794,0.10579711943865,-0.0073392372578382,0.11212493479252,-0.035647679120302,-0.01326388027519,-0.11303656548262,0.079001732170582,0.048492792993784,-0.09470023214817,-0.049405660480261,0.0031184670515358,-0.13192623853683,-0.048771630972624,0.1526580452919,0.046224217861891,0.11028978973627,-0.0044665266759694,0.035347934812307,0.0090983007103205,0.10236085951328,0.039940472692251,0.028054969385266,0.041289415210485,-0.083755739033222,-0.014403571374714,-0.0090293968096375,-0.053331110626459,-0.1565083116293,-0.082428835332394,0.18551398813725,-0.030327945947647,-0.012119924649596,-0.029953664168715,-0.016898464411497,0.077957928180695,-0.0087368749082088,0.036372601985931,0.062505044043064,0.057478412985802,0.076009705662727,0.13456873595715,-0.089965343475342,-0.10431462526321,-0.12633806467056,-0.12470304965973,0.066356047987938,0.091377943754196,-0.030855495482683,-0.050057198852301,-0.11789297312498,-0.04849985986948,-0.031891204416752,0.076603956520557,0.085417941212654,0.046937204897404,0.048629108816385,0.062753438949585,-0.01816338300705,0.16657198965549,0.10314905643463
-0.02953751757741,0.063064947724342,0.025418505072594,-0.033415205776691,0.056508805602789,-0.060707122087479,-0.012130588293076,-0.077645741403103,-0.018638407811522,0.009746266528964,0.065784387290478,-0.035159327089787,0.048153895884752,0.17508962750435,0.05661641433835,0.052371878176928,0.022861965000629,0.10461123287678,0.016077280044556,0.0042949696071446,0.12510575354099,-0.01596044562757,0.051890943199396,-0.21725238859653,0.030924366787076,0.086428567767143,-0.12149630486965,-0.018378550186753,0.047232080250978,0.081763431429863,-0.058671504259109,0.10357210785151,0.17701703310013,-0.018364017829299,0.14469119906425,0.021338205784559,0.14099745452404,0.21105499565601,0.14003109931946,-0.15737064182758,-0.029143681749701,0.098960310220718,0.13411104679108,-0.026010777801275,-0.11980859935284,0.04218128323555,0.090415582060814,-0.1023233383894,-0.079560317099094,-0.13254129886627,-0.12647670507431,-0.006526957731694,-0.029180575162172,0.15557454526424,0.061888974159956,0.01277366746217,0.088558442890644,-0.087418809533119,-0.12159436941147,-0.085511036217213,-0.014426492154598,-0.10741333663464,0.031109984964132,-0.001249818247743,0.12017028778791,0.16489252448082,-0.079174593091011,0.11834912002087,0.07412350922823,0.0027643023058772,0.11282192915678,-0.053768910467625,0.0098712453618646,-0.11341085284948,0.045589797198772,0.016080487519503,-0.10230373591185,-0.080674730241299,-0.0027341588865966,-0.16859441995621,-0.059337466955185,0.15111622214317,-0.00225766049698,0.059940997511148,-0.0081361923366785,0.031358767300844,-0.012021558359265,0.069216065108776,0.060906305909157,0.039349265396595,0.046519935131073,-0.096535436809063,-0.02777398750186,-0.051935166120529,-0.0179542619735,-0.1335913836956,-0.082929983735085,0.2120141685009,-0.029291905462742,0.016453167423606,-0.031070839613676,0.00012282836541999,0.10027059167624,-0.031590599566698,0.008138582110405,0.083016648888588,0.065887160599232,0.053505979478359,0.14571690559387,-0.10181732475758,-0.10363427549601,-0.11631044000387,-0.12353816628456,0.032476659864187,0.1049527078867,-0.037876795977354,-0.024312188848853,-0.1367866396904,-0.0082146180793643,-0.052195116877556,0.072182513773441,0.049398187547922,0.053702425211668,0.04129796475172,0.070708200335503,-0.01721977815032,0.18501046299934,0.1017247363925
-0.021685253828764,0.044237907975912,-0.0083470353856683,-0.033476926386356,0.063619561493397,-0.058954935520887,-0.038198370486498,-0.10736791789532,-0.01228850428015,-0.0037791163194925,0.074683807790279,-0.019569341093302,0.043077182024717,0.16597503423691,0.048292052000761,0.083847612142563,0.024484260007739,0.081327840685844,0.033767454326153,0.0058872187510133,0.10975053161383,0.010223306715488,0.054901290684938,-0.23331071436405,0.015665231272578,0.11672158539295,-0.094059392809868,-0.042216841131449,0.026184979826212,0.086880579590797,-0.064241267740726,0.12800626456738,0.18645279109478,-0.015977244824171,0.14045140147209,0.048535134643316,0.16280761361122,0.17917121946812,0.1695205271244,-0.13804890215397,-0.028252493590117,0.08050049841404,0.1263637393713,-0.044206503778696,-0.10516492277384,0.087029717862606,0.098525300621986,-0.10060924291611,-0.085074067115784,-0.14153878390789,-0.13238400220871,-0.0075875073671341,-0.01227737031877,0.16001227498055,0.052802622318268,0.011924922466278,0.10829173773527,-0.10734817385674,-0.14311027526855,-0.033602297306061,-0.0099861240014434,-0.10491991043091,0.031756792217493,-0.010019690729678,0.12514917552471,0.13689070940018,-0.08356586843729,0.14604610204697,0.10856486856937,-0.0012579613830894,0.098702318966389,-0.068043760955334,-0.01602528244257,-0.13225667178631,0.057865999639034,0.037069555372,-0.10054812580347,-0.0640649497509,-0.036725968122482,-0.15743723511696,-0.041050530970097,0.15750998258591,-0.012974980287254,0.071580097079277,-0.034081775695086,0.072220668196678,-0.011585420928895,0.048701878637075,0.0092634381726384,0.039559625089169,0.052090171724558,-0.085697889328003,-0.038192950189114,-0.0184260699898,-0.02761665917933,-0.10249206423759,-0.089034989476204,0.19445772469044,-0.010073558427393,0.016495697200298,-0.025663768872619,-0.025081278756261,0.076510444283485,-0.030736483633518,0.036354225128889,0.072544649243355,0.063014127314091,0.064524076879025,0.099057376384735,-0.078404769301414,-0.12342738360167,-0.13783639669418,-0.10251595824957,0.013072575442493,0.092814162373543,-0.031274445354939,-0.047531273216009,-0.14124281704426,-0.020671224221587,-0.048737242817879,0.084274128079414,0.050645180046558,0.071367405354977,0.048975627869368,0.072035975754261,-0.01068663969636,0.16454464197159,0.10435879230499
-0.029850959777832,0.032143641263247,0.013688616454601,-0.047055423259735,0.064890272915363,-0.064834460616112,-0.03076521679759,-0.092318579554558,-0.024226630106568,0.0063224961049855,0.06937649846077,-0.034595437347889,0.068399183452129,0.18809646368027,0.081540890038013,0.084397174417973,0.021678613498807,0.066013105213642,0.029848737642169,0.0069051682949066,0.11407762765884,-0.0064979335293174,0.087222866714001,-0.22487139701843,0.033021118491888,0.11862687766552,-0.094104990363121,-0.042265318334103,0.040931779891253,0.068459190428257,-0.038231279700994,0.11329692602158,0.18804615736008,-0.015988012775779,0.12880849838257,0.035975117236376,0.14723363518715,0.23150835931301,0.16134122014046,-0.14029851555824,-0.026923879981041,0.083071313798428,0.11743600666523,-0.033154688775539,-0.12601928412914,0.053777638822794,0.080834187567234,-0.09350910782814,-0.064436867833138,-0.14627648890018,-0.13390754163265,-0.030673652887344,-0.011092095635831,0.15116995573044,0.048616606742144,0.0065663703717291,0.10664192587137,-0.074410431087017,-0.12290363013744,-0.060858964920044,-0.030333602800965,-0.11928014457226,0.029112843796611,-0.0021462542936206,0.13057738542557,0.17348846793175,-0.084338128566742,0.15918426215649,0.097865603864193,-0.018216220661998,0.093585290014744,-0.042034029960632,-0.013632415793836,-0.12787586450577,0.069617830216885,0.019485808908939,-0.10483552515507,-0.085801087319851,-0.01170217897743,-0.12463427335024,-0.039079684764147,0.12102870643139,0.0070276102051139,0.06054886803031,-0.029029335826635,0.026105934754014,0.0063982955180109,0.071052648127079,0.030185325071216,0.014509804546833,0.04402219876647,-0.077422171831131,-0.01902562379837,-0.0278404597193,-0.035931847989559,-0.12238121032715,-0.092129424214363,0.21504011750221,-0.011730677448213,0.0078039998188615,-0.036654215306044,-0.030746793374419,0.086511477828026,-0.020678255707026,0.024920098483562,0.066311612725258,0.054309345781803,0.059569951146841,0.15449984371662,-0.10908110439777,-0.11757165193558,-0.10254821181297,-0.11457621306181,0.031414914876223,0.1022769883275,-0.018833369016647,-0.05085226520896,-0.11772568523884,-0.036448620259762,-0.032033909112215,0.076151773333549,0.048660386353731,0.047080129384995,0.049687802791595,0.052346300333738,-0.0090779019519687,0.15019364655018,0.11737824231386
-0.024110335856676,0.067178077995777,0.051836717873812,-0.039643011987209,0.041175525635481,-0.060611255466938,-0.032666821032763,-0.068563967943192,-0.058483000844717,0.010290393605828,0.068642511963844,-0.030848402529955,0.035970527678728,0.1652368158102,0.057437743991613,0.056212924420834,0.025327315554023,0.085500575602055,0.042497631162405,0.001644880627282,0.12679103016853,-0.010513491928577,0.041216321289539,-0.20799165964127,0.037502501159906,0.11376236379147,-0.09809036552906,-0.022695979103446,0.036732524633408,0.068173512816429,-0.087930291891098,0.068765111267567,0.16535733640194,-0.0090648559853435,0.13543640077114,0.015997054055333,0.14940436184406,0.20023521780968,0.17491655051708,-0.13183099031448,-0.041482515633106,0.089436374604702,0.13665229082108,-0.06274439394474,-0.094374813139439,0.071898430585861,0.11002016067505,-0.13058237731457,-0.11495193839073,-0.13328251242638,-0.10496804863214,0.0065226377919316,-0.033272836357355,0.17972527444363,0.065809823572636,0.0059235701337457,0.11906445026398,-0.098251909017563,-0.13507267832756,-0.074376128613949,0.023358538746834,-0.097369976341724,0.016010239720345,-0.0012305361451581,0.11866961419582,0.15717539191246,-0.077842853963375,0.13570420444012,0.095853269100189,0.0046201427467167,0.1045248657465,-0.050971865653992,-0.0089153544977307,-0.11507080495358,0.078290082514286,0.030821399763227,-0.10109526664019,-0.050367761403322,0.014160591177642,-0.14850889146328,-0.081703647971153,0.15042708814144,0.018835514783859,0.070788435637951,-0.029314776882529,0.046861477196217,-0.0033561610616744,0.069604068994522,0.048002198338509,0.030811451375484,0.033135376870632,-0.093252286314964,-0.0033674710430205,-0.014535170048475,-0.045239940285683,-0.1366947889328,-0.064001299440861,0.2008091211319,-0.021450383588672,0.0066026281565428,-0.044328477233648,0.004488792270422,0.070512123405933,-0.010739211924374,0.030304251238704,0.081541784107685,0.067491605877876,0.068593643605709,0.10807600617409,-0.12108288705349,-0.10550560057163,-0.12317465245724,-0.11084380745888,0.02706928178668,0.10607909411192,-0.028886694461107,-0.053941793739796,-0.13875555992126,-0.025263488292694,-0.062117356806993,0.05978798866272,0.054353825747967,0.052515402436256,0.026066960766912,0.088690146803856,0.0021254832390696,0.18374313414097,0.094393402338028
-0.018638713285327,0.054849728941917,-0.01570619828999,-0.036575596779585,0.059692647308111,-0.05342174321413,-0.051372136920691,-0.10310281813145,-0.039167180657387,0.0067921057343483,0.065811961889267,-0.023655101656914,0.054244536906481,0.18538239598274,0.053994614630938,0.088434770703316,0.049961447715759,0.077846646308899,0.051632065325975,0.013026230968535,0.10053030401468,-0.0014053259510547,0.051136109977961,-0.2135411053896,0.025441903620958,0.11631143838167,-0.080468714237213,-0.024192824959755,0.031310651451349,0.094021297991276,-0.075743339955807,0.14236527681351,0.19159120321274,-0.0050382032059133,0.11994608491659,0.05029783770442,0.17473834753036,0.16483336687088,0.17063920199871,-0.14885091781616,-0.035172134637833,0.062315545976162,0.16034841537476,-0.064609661698341,-0.090334437787533,0.087721362709999,0.11850926280022,-0.094358913600445,-0.10318811237812,-0.13716910779476,-0.11713200062513,-0.014737051911652,0.0017722137272358,0.16175253689289,0.063637346029282,0.023698562756181,0.10578220337629,-0.10452043265104,-0.12104209512472,-0.053268022835255,-0.0069265565834939,-0.085763745009899,0.02177619934082,-0.025055661797523,0.10967899858952,0.17789097130299,-0.089059479534626,0.1395108550787,0.091436229646206,-0.011972617357969,0.071166828274727,-0.080408215522766,-0.033843513578176,-0.13404142856598,0.078557729721069,0.042273033410311,-0.071612052619457,-0.061027456074953,-0.02373599819839,-0.16410279273987,-0.039278853684664,0.15535391867161,-0.013774775899947,0.060454424470663,-0.026042906567454,0.079638689756393,-0.029677437618375,0.045000202953815,0.026191420853138,0.060306154191494,0.050528600811958,-0.085258916020393,-0.035444293171167,-0.0022584511898458,-0.02294647321105,-0.082997612655163,-0.085167191922665,0.21256348490715,-0.0046960059553385,0.0018445624737069,-0.023119401186705,-0.023930227383971,0.078973218798637,-0.013883012346923,0.016373991966248,0.089007586240768,0.045375473797321,0.057177618145943,0.081063523888588,-0.0949936658144,-0.11980268359184,-0.12722273170948,-0.092273972928524,0.0071693644858897,0.088656768202782,-0.044064342975616,-0.044257648289204,-0.14268171787262,-0.015410114079714,-0.045046709477901,0.090302526950836,0.035185839980841,0.084141679108143,0.037189546972513,0.058238629251719,-0.0019221212714911,0.16292336583138,0.090385228395462
-0.021748211234808,0.031315211206675,0.0018313170876354,-0.04102423414588,0.077306859195232,-0.070468679070473,-0.035896357148886,-0.097356326878071,-0.012138389050961,-0.0070267296396196,0.060756236314774,-0.026844155043364,0.03803089633584,0.16251128911972,0.05619240552187,0.080680832266808,0.017269149422646,0.076801843941212,0.034808330237865,0.016236530616879,0.11381543427706,0.0091794775798917,0.078735344111919,-0.24320757389069,0.024540316313505,0.1101356074214,-0.094180829823017,-0.036258418112993,0.02648862823844,0.068662784993649,-0.054669745266438,0.093767561018467,0.1854196190834,-0.021770689636469,0.15428811311722,0.037773974239826,0.1582477837801,0.19860416650772,0.16637408733368,-0.15084183216095,-0.033363617956638,0.096481986343861,0.12585611641407,-0.034877814352512,-0.12309709191322,0.070609159767628,0.084207534790039,-0.09043775498867,-0.056013435125351,-0.11270385980606,-0.14262582361698,-0.016765251755714,-0.021090479567647,0.16193377971649,0.056283410638571,-0.010548880323768,0.11483148485422,-0.1041094660759,-0.14560875296593,-0.046577919274569,-0.0069414805620909,-0.11253929138184,0.03599962964654,0.0017341909697279,0.12798355519772,0.12950532138348,-0.09385970979929,0.14893808960915,0.10984069854021,-0.00382813019678,0.10587055981159,-0.043934460729361,-0.0043101995252073,-0.1213169619441,0.044844347983599,0.023909710347652,-0.10122115164995,-0.069382071495056,-0.015418998897076,-0.14608551561832,-0.036998610943556,0.14646543562412,-0.0014190435176715,0.080205403268337,-0.019936315715313,0.038385059684515,-0.014612633734941,0.081110507249832,0.035585343837738,0.024753395467997,0.058196976780891,-0.070896737277508,-0.031847361475229,-0.02964398637414,-0.023058397695422,-0.1256982088089,-0.088672503829002,0.20895092189312,-0.027374971657991,0.0080669596791267,-0.030655138194561,-0.026567751541734,0.08161748945713,-0.047137625515461,0.039582088589668,0.06592833250761,0.072727628052235,0.05473405122757,0.13449287414551,-0.069431066513062,-0.11286981403828,-0.12736442685127,-0.09754291921854,0.039326958358288,0.093616455793381,-0.024006154388189,-0.028601272031665,-0.12196238338947,-0.037449635565281,-0.04614569991827,0.072118982672691,0.066103093326092,0.068860977888107,0.047966107726097,0.0579674243927,-0.02277547493577,0.17358811199665,0.11042053997517
-0.033414363861084,0.10676036775112,-0.05387769266963,-0.01451188698411,0.13991995155811,0.016400253400207,0.07608462870121,-0.20177547633648,-0.065651804208755,-0.030174028128386,-0.0085151921957731,0.068921580910683,-0.095568105578423,-0.0022881191689521,0.042013842612505,0.040614366531372,-0.050366394221783,-0.058397337794304,0.10336025059223,-0.05408788099885,-0.065076373517513,0.13735665380955,-0.063699811697006,-0.12004052102566,0.048458345234394,0.07976533472538,-0.0438172519207,-0.024138109758496,0.14378383755684,0.12270896881819,0.010887953452766,0.038850858807564,-0.028040915727615,-0.1226682215929,0.080757670104504,0.074902981519699,-0.034849662333727,-0.14240837097168,0.087057426571846,0.076880156993866,0.073341995477676,0.046580322086811,0.051088854670525,0.091457925736904,-0.068995900452137,0.2908211350441,0.11484576761723,-0.045025151222944,-0.063300423324108,-0.16402646899223,-0.085892915725708,0.088107243180275,-0.013454338535666,-0.10315653681755,-0.0059527913108468,0.051812350749969,-0.090824522078037,0.17309227585793,-0.1504547894001,0.26544550061226,-0.064824432134628,0.0015773483319208,0.15431992709637,-0.016529275104403,0.18112421035767,-0.096546672284603,-0.029408093541861,-0.060446988791227,-0.0018393620848656,0.057361800223589,0.09772863984108,0.1136246919632,0.0023654897231609,0.015823690220714,0.021607715636492,0.094623543322086,-0.060568429529667,0.033422194421291,-0.11605449765921,-0.064577430486679,0.094128273427486,0.098115287721157,-0.029115498065948,0.12043940275908,-0.06978203356266,-0.027508856728673,0.0072553032077849,-0.085683614015579,-0.21219979226589,-0.0033040251582861,0.060440942645073,0.047248542308807,-0.12378147244453,0.01365743111819,0.088165171444416,-0.0039289086125791,0.053272314369678,-0.02636787109077,0.10226974636316,0.050816752016544,-0.13119804859161,0.0038853520527482,0.015984511002898,-0.066346600651741,-0.17242570221424,0.090140663087368,0.058437947183847,0.10656280815601,0.028084708377719,0.079090245068073,0.11297751963139,-0.12486914545298,-0.056667394936085,-0.03712123632431,-0.0085423728451133,0.01566818356514,-0.03339846804738,-0.012347080744803,0.0042405356653035,0.06939721852541,0.03872063010931,-0.016120925545692,-0.025363249704242,0.011971854604781,-0.039441630244255,0.10946683585644,-0.032487317919731,-0.01689931191504
-0.015027633868158,0.11177746206522,-0.029077520594001,-0.018996570259333,0.11715693026781,0.01667664013803,0.074303887784481,-0.17993894219398,-0.042899880558252,-0.051868706941605,0.023607838898897,0.055710475891829,-0.099521718919277,-0.015443383716047,0.027615699917078,0.048591710627079,-0.048860605806112,-0.053885851055384,0.078972965478897,-0.070500887930393,-0.027727646753192,0.16904202103615,-0.060562577098608,-0.11787038296461,0.042430818080902,0.068276636302471,-0.03270722925663,-0.018484685570002,0.16981935501099,0.11964628100395,0.024137800559402,0.00069554033689201,-0.037412241101265,-0.12807759642601,0.081727616488934,0.055657014250755,-0.048382088541985,-0.1167319342494,0.10687635093927,0.12444526702166,0.042668234556913,0.08100963383913,0.0018532982794568,0.096715845167637,-0.048599038273096,0.25412568449974,0.087072759866714,-0.071989126503468,-0.048815574496984,-0.16019290685654,-0.080369658768177,0.1275392472744,-0.044128675013781,-0.089258812367916,-0.053733926266432,0.036071229726076,-0.067449934780598,0.17613939940929,-0.17145171761513,0.27426999807358,-0.059179563075304,-0.025319509208202,0.16252291202545,-0.00841851439327,0.16122880578041,-0.15200227499008,0.0011088018072769,-0.062215264886618,0.0094508826732635,0.075051359832287,0.12157417088747,0.1158247962594,0.0076241889037192,0.020865593105555,0.00073558947769925,0.065841019153595,-0.075299143791199,0.034021884202957,-0.12957510352135,-0.036059938371181,0.09316074103117,0.098011776804924,-0.0077473823912442,0.12599159777164,-0.06201146915555,-0.030821841210127,0.015205084346235,-0.10055015981197,-0.22557288408279,-0.039459362626076,0.046849194914103,0.030842492356896,-0.13093362748623,0.030693491920829,0.10730954259634,-0.033596266061068,0.046380586922169,-0.042521581053734,0.075951360166073,0.078167088329792,-0.148975238204,0.012116651982069,-0.005030301399529,-0.036329217255116,-0.14635725319386,0.076890356838703,0.084079653024673,0.10081223398447,0.05855243653059,0.055387750267982,0.099394381046295,-0.1338907033205,-0.070011079311371,0.00027470811619423,0.0018544704653323,0.038629673421383,-0.032783899456263,-0.0044043590314686,-0.0037101935595274,0.063365943729877,0.01141211297363,0.00086011225357652,-0.04439452663064,0.012003974057734,-0.013268031179905,0.092856667935848,-0.028754808008671,-0.0030438019894063
-0.031671281903982,0.11580829322338,-0.047852165997028,-0.027526915073395,0.15888056159019,0.04105506464839,0.063114061951637,-0.19092524051666,-0.052043505012989,-0.031108327209949,-0.0015037449775264,0.073661424219608,-0.10840687155724,-0.040846709161997,0.035872261971235,0.062703765928745,-0.058979704976082,-0.052123680710793,0.085475727915764,-0.061056364327669,-0.047320678830147,0.15309938788414,-0.037672627717257,-0.12574574351311,0.055754084140062,0.075130589306355,-0.011583417654037,-0.025827350094914,0.16306300461292,0.10426830500364,0.03078973852098,0.028796197846532,-0.02765255048871,-0.10359301418066,0.087707065045834,0.063755549490452,-0.030228268355131,-0.14021483063698,0.1004288867116,0.080046184360981,0.0773601308465,0.035908110439777,0.04676154255867,0.09546123445034,-0.07343902438879,0.26096558570862,0.10527954995632,-0.035777989774942,-0.07111057639122,-0.14208003878593,-0.083977274596691,0.10190320760012,-0.033717982470989,-0.10701507329941,-0.024835918098688,0.046673484146595,-0.077764548361301,0.16678856313229,-0.1815041154623,0.26287296414375,-0.080125615000725,-0.017915617674589,0.17918276786804,-0.028752241283655,0.19736130535603,-0.11491130292416,-0.046640202403069,-0.052604131400585,-0.0154989650473,0.097385242581367,0.08049563318491,0.12695316970348,-0.014204722829163,0.017494596540928,0.010846063494682,0.073936879634857,-0.04613408818841,0.050363726913929,-0.12763020396233,-0.063370436429977,0.089153215289116,0.10084055364132,-0.009577021934092,0.13532258570194,-0.075401939451694,-0.044364280998707,0.0083008678629994,-0.057059220969677,-0.20362755656242,0.0057441997341812,0.077430792152882,0.04136510565877,-0.15341697633266,0.039694629609585,0.11160929501057,-0.0037570237182081,0.040464244782925,-0.012477699667215,0.081056095659733,0.051851008087397,-0.12791694700718,-0.017676986753941,-0.014211733825505,-0.05262067168951,-0.13535913825035,0.082794472575188,0.068566583096981,0.099886417388916,0.04767432808876,0.064174734055996,0.098098061978817,-0.099301964044571,-0.046310696750879,-0.0021074700634927,0.021632738411427,0.0084338085725904,-0.035792235285044,0.0024730402510613,0.017159046605229,0.097716651856899,0.050080373883247,-0.0041340361349285,-0.01562568359077,0.011529456824064,-0.030501889064908,0.10282535105944,-0.01731738820672,-0.019291903823614
-0.026537213474512,0.12937545776367,-0.034066721796989,-0.024702718481421,0.14306770265102,0.034685257822275,0.083478718996048,-0.199218288064,-0.069638274610043,-0.016756730154157,-0.00061010767240077,0.064690582454205,-0.10182929039001,-0.026357658207417,0.046474073082209,0.03132302314043,-0.061696954071522,-0.027622450143099,0.081078425049782,-0.069315999746323,-0.06111815944314,0.14795126020908,-0.045908123254776,-0.1210150718689,0.053675826638937,0.055235125124454,-0.026357252150774,-0.011906304396689,0.15677992999554,0.11836215853691,0.0094445263966918,0.025934379547834,-0.031656734645367,-0.11050632596016,0.09764289855957,0.049426805227995,-0.048738058656454,-0.14265967905521,0.085680983960629,0.072972245514393,0.066727079451084,0.028096796944737,0.040463831275702,0.10898157209158,-0.089775867760181,0.28266417980194,0.097050838172436,-0.030346909537911,-0.088598988950253,-0.14753380417824,-0.062937326729298,0.11765343695879,-0.033107541501522,-0.11347760260105,-0.030933352187276,0.04478795081377,-0.086299546062946,0.17172963917255,-0.16589657962322,0.26507923007011,-0.070910595357418,-0.0078751230612397,0.16720370948315,-0.011003503575921,0.19477041065693,-0.10964492708445,-0.049253985285759,-0.060473252087831,-0.039258264005184,0.10052423924208,0.097344942390919,0.11204796284437,0.0019372140523046,0.012204580940306,0.00049762753769755,0.078132420778275,-0.055835720151663,0.023993369191885,-0.11114320158958,-0.065122574567795,0.087080262601376,0.079775184392929,-0.022797219455242,0.12394674122334,-0.075560741126537,-0.053331807255745,0.00092289055464789,-0.087436400353909,-0.20435680449009,0.024978866800666,0.064795903861523,0.033091176301241,-0.13829347491264,0.021308014169335,0.089764073491096,-0.01390933431685,0.043583158403635,-0.021189384162426,0.096149228513241,0.047055285423994,-0.1111993715167,0.022806884720922,0.0054355976171792,-0.057452231645584,-0.14311988651752,0.077970527112484,0.068762302398682,0.11417180299759,0.058576758950949,0.06085118278861,0.12198989838362,-0.10492197424173,-0.054064668715,-0.0086547397077084,0.0059286821633577,0.00800970941782,-0.032886225730181,0.0069645633921027,0.028554175049067,0.093685276806355,0.04642653465271,-0.030699091032147,-0.039534900337458,0.0098091848194599,-0.0085879098623991,0.099574193358421,-0.0099291689693928,-0.027652934193611
-0.053227301687002,0.11288280040026,-0.042700462043285,-0.043459221720695,0.14700983464718,0.039369009435177,0.059485457837582,-0.19536432623863,-0.057761255651712,-0.022849183529615,-0.012864865362644,0.078780569136143,-0.08308020234108,-0.02582062035799,0.044526129961014,0.05072008818388,-0.06093867495656,-0.051072269678116,0.086306676268578,-0.067465759813786,-0.050053805112839,0.15087461471558,-0.037665318697691,-0.10792103409767,0.048027154058218,0.080730348825455,-0.018350994214416,-0.035036876797676,0.15947949886322,0.11406458169222,0.042861554771662,0.02885633520782,-0.021212503314018,-0.10924767702818,0.083048142492771,0.063188076019287,-0.039807796478271,-0.13500989973545,0.09238512814045,0.10012552142143,0.076477289199829,0.031377080827951,0.035033281892538,0.10361646860838,-0.07351641356945,0.26212367415428,0.10722506791353,-0.03300167247653,-0.068918704986572,-0.15998591482639,-0.075740464031696,0.082922160625458,-0.018819775432348,-0.12047249078751,-0.034529455006123,0.062526643276215,-0.076911173760891,0.18849177658558,-0.16738146543503,0.26522955298424,-0.080664590001106,-0.0068993191234767,0.16316668689251,-0.019330460578203,0.19915536046028,-0.12557131052017,-0.039370205253363,-0.052067697048187,-0.025527983903885,0.077600963413715,0.082820102572441,0.11699994653463,-0.021223962306976,0.0023712911643088,0.019460646435618,0.090016804635525,-0.067335516214371,0.03868106380105,-0.11633445322514,-0.044179994612932,0.08275631070137,0.084849745035172,-0.005042384378612,0.1453550606966,-0.08570521324873,-0.052130319178104,0.026490347459912,-0.075370348989964,-0.21924647688866,-0.0089731412008405,0.048260867595673,0.043639097362757,-0.1241771504283,0.038439366966486,0.092441834509373,0.00076168676605448,0.032632701098919,-0.010326680727303,0.08222059160471,0.05531745031476,-0.1221888884902,-0.0085539575666189,-0.017149977385998,-0.037198338657618,-0.13953176140785,0.072377100586891,0.049340087920427,0.097178682684898,0.039664626121521,0.061787083745003,0.10069776326418,-0.10856960713863,-0.058102950453758,-0.01332847867161,-0.0057440339587629,0.027537668123841,-0.051755212247372,0.0026822430081666,0.0040132682770491,0.11007038503885,0.051367409527302,-0.020780680701137,-0.052429594099522,-0.0019832395482808,-0.047968611121178,0.11375273764133,-0.055611412972212,-0.012782854028046
-0.031220387667418,0.097143672406673,-0.018506171181798,-0.023129733279347,0.14535027742386,0.027350014075637,0.077437914907932,-0.16595128178596,-0.071148872375488,-0.029295628890395,0.0031615614425391,0.068701215088367,-0.096380330622196,-0.027931071817875,0.060947693884373,0.052579399198294,-0.047984603792429,-0.066145807504654,0.092455670237541,-0.063843168318272,-0.04538357630372,0.1530434936285,-0.044674225151539,-0.11691515892744,0.052686132490635,0.08722086250782,-0.027695078402758,-0.036193937063217,0.16234467923641,0.088443093001842,0.037758883088827,0.022658422589302,-0.039380297064781,-0.10250666737556,0.076760768890381,0.069045320153236,-0.040025945752859,-0.12251532822847,0.0918203368783,0.10287445783615,0.084758192300797,0.052367433905602,0.020677298307419,0.098658412694931,-0.076719708740711,0.26798728108406,0.1014741435647,-0.056507978588343,-0.062097169458866,-0.16182777285576,-0.076042875647545,0.09669042378664,-0.051882609724998,-0.10631001740694,-0.022979037836194,0.04534363374114,-0.077552363276482,0.17621336877346,-0.1617421656847,0.27648895978928,-0.073667883872986,-0.030869888141751,0.14717562496662,-0.021358396857977,0.20361025631428,-0.13573805987835,-0.022667489945889,-0.053537119179964,0.007633815985173,0.092968620359898,0.092706218361855,0.14050090312958,-0.0030237108003348,0.025090051814914,0.012578436173499,0.069245174527168,-0.065386801958084,0.069834902882576,-0.12003192305565,-0.04773360863328,0.075064338743687,0.089382149279118,-0.0016831891844049,0.12665651738644,-0.074466943740845,-0.05787930637598,0.040259156376123,-0.064294539391994,-0.22211368381977,-0.026957985013723,0.062263004481792,0.056108184158802,-0.13816943764687,0.021131986752152,0.097349405288696,-0.012127627618611,0.060357384383678,-0.029743641614914,0.077671095728874,0.060055252164602,-0.15618981420994,-0.0016857216833159,-0.0085531212389469,-0.041782774031162,-0.14116811752319,0.070890516042709,0.060358077287674,0.1045101583004,0.063067525625229,0.052890811115503,0.088751763105392,-0.10185188055038,-0.069066360592842,-0.016081279143691,0.023042066022754,0.01676688157022,-0.030143680050969,-0.027577515691519,-0.0035049021244049,0.092061519622803,0.037261217832565,0.0096032517030835,-0.037128865718842,0.028637614101171,-0.0259148478508,0.09581083804369,-0.027166659012437,-0.0061377743259072
-0.047418385744095,0.12469883263111,-0.023225670680404,-0.024146823212504,0.11683502793312,0.028894670307636,0.05123345926404,-0.18845397233963,-0.027080435305834,-0.061150204390287,0.0077009527012706,0.060294285416603,-0.10782561451197,-0.042626082897186,0.0079640513285995,0.016643311828375,-0.06454860419035,-0.030777078121901,0.070707976818085,-0.057599645107985,-0.031960889697075,0.13845241069794,-0.06019839271903,-0.10306252539158,0.039696950465441,0.050428710877895,-0.037226729094982,-0.027480946853757,0.15147729218006,0.10165168344975,0.056705188006163,-0.035216849297285,-0.025775235146284,-0.13801956176758,0.10791684687138,0.073362596333027,-0.060517247766256,-0.13369949162006,0.070568390190601,0.092699684202671,0.047711834311485,0.065350532531738,0.0052232411690056,0.12948203086853,-0.053286299109459,0.255486369133,0.10166278481483,-0.048981126397848,-0.077091336250305,-0.148931235075,-0.11450868844986,0.098887555301189,-0.02497567050159,-0.11825188994408,-0.055998012423515,0.05140932649374,-0.10499476641417,0.18052184581757,-0.17132553458214,0.24087543785572,-0.06481871753931,0.0046028131619096,0.18164184689522,-0.010446424596012,0.18243193626404,-0.15720731019974,-0.0065297018736601,-0.080378100275993,-0.025610348209739,0.085594922304153,0.12445816397667,0.091499119997025,0.011002751067281,-0.0067918626591563,-0.0082785412669182,0.069662228226662,-0.089062333106995,0.043948158621788,-0.11030710488558,-0.048595480620861,0.054396819323301,0.099093347787857,-0.034989047795534,0.13135093450546,-0.073497861623764,-0.033243462443352,1.61137941177e-05,-0.091733187437057,-0.21264997124672,-0.014915430918336,0.058396127074957,0.02743217907846,-0.11187820136547,0.018578642979264,0.11554472148418,-0.029775943607092,0.035224713385105,-0.031684942543507,0.054004620760679,0.070302985608578,-0.1408085078001,0.012510417029262,-0.024045322090387,-0.077581897377968,-0.14106832444668,0.097373031079769,0.093978643417358,0.088727898895741,0.044839274138212,0.070456825196743,0.10763427615166,-0.1373668462038,-0.058946318924427,-0.0053015593439341,-0.0080624856054783,0.029657609760761,-0.054708991199732,-0.010742136277258,0.018660545349121,0.073233902454376,0.010432821698487,-0.018748903647065,-0.067967876791954,0.0079082073643804,-0.013114024884999,0.10074584186077,-0.028990939259529,-0.020274760201573
-0.022711787372828,0.11766785383224,-0.042463261634111,-0.015608030371368,0.1487094014883,0.024744873866439,0.081737607717514,-0.20500391721725,-0.076735317707062,-0.017249781638384,-0.0092138275504112,0.071815624833107,-0.095277801156044,-0.019640613347292,0.037485931068659,0.052234597504139,-0.050719663500786,-0.045094449073076,0.084873132407665,-0.055464908480644,-0.060563262552023,0.15015402436256,-0.056329607963562,-0.13222248852253,0.042986869812012,0.07552357763052,-0.061066996306181,-0.014399509876966,0.16067515313625,0.12273485213518,0.0027870372869074,0.071578085422516,-0.048497937619686,-0.11271285265684,0.077438361942768,0.058662813156843,-0.042593035846949,-0.14414058625698,0.11025591939688,0.090009950101376,0.065918132662773,0.039789669215679,0.034204665571451,0.061857242137194,-0.061159446835518,0.2888690829277,0.10063302516937,-0.033931367099285,-0.066259153187275,-0.15265406668186,-0.065479680895805,0.13174277544022,-0.031050901859999,-0.10064633190632,-0.029828714206815,0.031254790723324,-0.058942638337612,0.15467317402363,-0.16628296673298,0.2833748459816,-0.052411466836929,0.012181811034679,0.14825108647346,-0.013466641306877,0.16963785886765,-0.11195167899132,-0.02893696911633,-0.048734821379185,-0.010853325016797,0.08003942668438,0.094354450702667,0.1253490447998,-0.0015818597748876,0.047570463269949,0.0064298189245164,0.086287580430508,-0.051903493702412,0.023572949692607,-0.11686322838068,-0.060743276029825,0.10251656919718,0.10071151703596,-0.015951367095113,0.13042475283146,-0.064886510372162,-0.034009888768196,0.0058048428036273,-0.082507386803627,-0.21337601542473,-0.0043035009875894,0.062872409820557,0.057007938623428,-0.12425775080919,0.041234228760004,0.083321161568165,-0.013215248472989,0.055187106132507,-0.026294399052858,0.092081166803837,0.051436319947243,-0.11095803231001,0.006372997071594,-0.0030934794340283,-0.036032162606716,-0.14098663628101,0.080699488520622,0.065890476107597,0.118488304317,0.053483247756958,0.085019968450069,0.10274633765221,-0.11681976169348,-0.060639951378107,-0.019751915708184,-0.0035789262037724,0.013197244144976,-0.030229905620217,0.0047375233843923,0.007841314189136,0.081622138619423,0.036790948361158,-0.007612603250891,-0.018693711608648,0.0023792660795152,-0.03767142817378,0.1056110933423,-0.031179519370198,-0.022067142650485
-0.014959316700697,0.11473775655031,-0.048558413982391,-0.024008313193917,0.13132791221142,0.025790156796575,0.063959136605263,-0.18322399258614,-0.065792858600616,-0.039651792496443,0.021360931918025,0.055414341390133,-0.086013041436672,-0.02373144775629,0.017764622345567,0.064193539321423,-0.037778250873089,-0.033827412873507,0.085613504052162,-0.061274111270905,-0.007321220356971,0.13903634250164,-0.052523024380207,-0.12127419561148,0.052415620535612,0.07983610033989,-0.023613257333636,-0.043296132236719,0.16726008057594,0.12481451779604,0.027561116963625,0.0081246318295598,-0.031823951750994,-0.12159369885921,0.096623934805393,0.058473486453295,-0.048586182296276,-0.11467099189758,0.10926446318626,0.075789451599121,0.03241129219532,0.060874231159687,0.032226957380772,0.13149818778038,-0.052916690707207,0.26293021440506,0.11240223795176,-0.058851387351751,-0.093632347881794,-0.17440597712994,-0.079748652875423,0.095278821885586,-0.045900527387857,-0.10335529595613,-0.042206667363644,0.046169649809599,-0.086528725922108,0.18546177446842,-0.16106164455414,0.24761362373829,-0.048776227980852,-0.034005954861641,0.18257500231266,-0.017679482698441,0.1962578445673,-0.14786243438721,-0.033980738371611,-0.05287478864193,0.0012330451281741,0.079161003232002,0.10435687750578,0.10927442461252,-0.006987679284066,-0.022064108401537,-0.021199773997068,0.058233585208654,-0.062862552702427,0.0614198371768,-0.12232592701912,-0.047901883721352,0.071677565574646,0.09542715549469,-0.029768191277981,0.11396734416485,-0.084494583308697,-0.043165370821953,0.0083232903853059,-0.092641048133373,-0.20660941302776,-0.017912201583385,0.055490035563707,0.026322608813643,-0.15450119972229,0.029712196439505,0.11201843619347,-0.013026628643274,0.04765560105443,-0.016887981444597,0.068813681602478,0.066203281283379,-0.14386239647865,0.010740890167654,-0.014390508644283,-0.043943479657173,-0.14632900059223,0.08062244951725,0.075898960232735,0.109762981534,0.060681942850351,0.039946384727955,0.089501067996025,-0.12700761854649,-0.073191910982132,-0.0051466161385179,0.02955274656415,0.024001214653254,-0.053866229951382,-0.026417007669806,0.0016661208355799,0.071055240929127,0.012382172979414,-0.0012484033359215,-0.036424770951271,0.020656503736973,-0.0073143313638866,0.091149531304836,-0.021185297518969,-0.02347768843174
-0.029172819107771,0.11301632970572,-0.055773172527552,-0.022567307576537,0.14815936982632,0.032215889543295,0.066043294966221,-0.19519777595997,-0.06851813942194,-0.035550743341446,-0.0079339249059558,0.06610368937254,-0.095898345112801,-0.028540151193738,0.036927379667759,0.053575612604618,-0.062879703938961,-0.06200036406517,0.089501172304153,-0.056577134877443,-0.053801886737347,0.1384029686451,-0.047678150236607,-0.14570569992065,0.050939716398716,0.082890093326569,-0.046741355210543,-0.036582246422768,0.14463689923286,0.10584308952093,0.026159392669797,0.047132194042206,-0.040677323937416,-0.11476612091064,0.080758556723595,0.070482663810253,-0.035899799317122,-0.1368824839592,0.11147367954254,0.08374284952879,0.075673967599869,0.039234459400177,0.037272911518812,0.087680533528328,-0.06695967912674,0.28426766395569,0.11205560714006,-0.042806256562471,-0.07732555270195,-0.15584540367126,-0.095114015042782,0.10006102919579,-0.026882030069828,-0.099104672670364,-0.030168034136295,0.035906333476305,-0.073059916496277,0.16247411072254,-0.16669318079948,0.26273068785667,-0.061315972357988,0.00248410156928,0.16483987867832,-0.020923793315887,0.18149627745152,-0.10951077193022,-0.027894297614694,-0.037384495139122,0.0095619149506092,0.071431681513786,0.095793545246124,0.12777774035931,-0.004124557133764,0.022951722145081,0.013627368025482,0.082138992846012,-0.068624459207058,0.034013144671917,-0.12398260086775,-0.048416532576084,0.084166996181011,0.10070590674877,-0.020550789311528,0.12860116362572,-0.083060175180435,-0.022988865152001,0.01375843398273,-0.075680442154408,-0.21316428482533,-0.017442936077714,0.071218349039555,0.047503288835287,-0.13237789273262,0.027577927336097,0.087149374186993,-0.012463482096791,0.05191033706069,-0.019597155973315,0.080317310988903,0.050452888011932,-0.13657248020172,-0.011590745300055,-0.0055350987240672,-0.04860370978713,-0.14821390807629,0.087662093341351,0.059182219207287,0.12709732353687,0.037117253988981,0.077655270695686,0.10145796090364,-0.11788440495729,-0.063944883644581,-0.023465210571885,0.0055578225292265,0.012112259864807,-0.049781024456024,-0.0099682174623013,0.014794604852796,0.077221393585205,0.040546327829361,0.00017239588487428,-0.017367722466588,0.018342444673181,-0.031339708715677,0.092851087450981,-0.031309608370066,-0.013494327664375
